BranchAddress,Outcome
14973,1
34899,1
55753,1
5131,0
64355,0
10969,0
37470,1
13078,1
1947,1
38173,1
57956,1
38298,1
41898,0
56975,1
11748,0
10338,0
33842,0
37736,0
35412,1
25869,1
16391,0
46686,0
25358,1
8099,0
19463,0
23129,1
64990,1
27154,0
39896,0
22797,0
29870,1
22392,0
15589,1
49979,0
42076,0
39238,1
9488,1
20324,1
62862,0
49986,1
57854,0
59249,0
51530,0
19163,0
36737,1
33223,0
49050,1
59930,0
18462,1
6867,0
40932,1
54405,1
18659,1
28426,0
16343,1
17387,1
37773,0
16968,0
37229,1
36790,1
56260,1
737,1
2524,1
42379,1
27875,0
15400,1
22628,0
51396,1
33764,1
63231,0
29739,0
43543,1
57088,0
36306,1
13020,0
5428,1
27831,0
20164,1
61040,0
20950,1
26329,1
62819,0
57561,0
23513,1
64894,0
2406,0
17379,1
64502,0
7802,1
60756,0
20242,1
8799,1
46082,1
21770,0
18563,0
57527,1
54344,0
50399,1
14901,0
63322,1
30923,0
34441,0
44614,0
49223,1
42702,1
55011,0
39147,0
4657,0
26150,1
49162,1
4470,0
62725,1
17172,1
7181,1
40803,0
11861,0
23350,0
42218,0
6655,0
3948,1
30891,1
60879,1
16038,1
38570,0
10619,1
6836,1
16945,1
48778,1
36150,1
52267,1
1556,1
16819,0
37620,1
41070,0
17904,1
41451,1
3361,0
32606,1
3676,0
51892,1
4074,1
65197,1
18540,1
5636,0
28545,0
61200,0
31281,0
21279,0
8100,1
52484,0
48321,1
63482,1
9135,1
23705,1
30824,1
40763,1
42642,1
4964,1
26639,1
10851,1
10379,1
53019,0
36264,0
45525,0
44932,0
32789,0
52619,0
24543,1
36284,0
55526,0
10076,0
54056,1
43861,0
32551,1
8768,0
19788,1
24164,1
54956,0
48126,1
51786,0
37711,1
50825,1
38921,1
11790,1
7897,1
55182,1
41670,1
12789,1
28443,0
51847,1
23658,0
21814,0
26129,1
657,0
370,1
43664,0
37760,1
26226,1
42398,1
18940,0
58071,0
54847,0
42246,0
21551,1
48610,0
64257,1
20132,1
8776,1
56783,1
2731,0
20993,0
33872,0
42125,1
7538,1
5008,1
32813,0
39780,1
62223,1
61174,0
42378,0
24164,0
29515,1
28264,1
36201,1
34704,0
36544,0
36961,0
5560,0
15689,1
7897,1
64902,0
54358,0
59919,0
19152,0
30139,1
18742,0
21254,0
59883,1
50297,1
20238,0
52350,0
509,1
45070,0
9804,0
3283,1
6644,1
11482,0
55618,0
31340,0
7573,0
35731,0
28654,0
54902,0
62623,0
46630,1
2097,0
35127,1
45862,0
18926,0
25839,0
7458,1
27520,1
46380,1
2317,0
24409,1
14865,0
34133,1
31630,0
59392,1
41729,0
54073,0
545,1
14398,0
27715,0
6509,0
29074,0
25466,0
24990,1
22978,0
13981,1
5535,1
51247,0
19174,0
57211,0
53360,1
40952,0
36185,0
22818,0
33517,0
49644,1
54945,1
2295,0
35254,1
18701,1
54945,1
39487,1
59860,0
47413,1
44979,0
48788,1
51045,0
8484,0
64400,0
11465,0
60680,1
48715,1
52981,1
43211,0
56681,1
17214,1
39605,1
27404,0
6394,1
20289,0
47873,0
18295,1
24392,0
20560,1
57748,1
44011,0
29823,1
61281,1
43525,0
45886,1
19605,1
13616,0
56536,1
37194,1
29616,0
28867,1
48624,0
17111,1
58775,0
36064,1
9051,0
7367,1
40145,1
43772,0
3656,0
61374,1
28614,0
3892,1
39529,1
5232,1
28690,1
53402,1
37130,1
64609,0
4743,0
50745,0
35855,1
8764,0
39308,0
16672,0
205,0
25981,0
37974,0
12441,1
38611,1
48741,0
17165,0
24015,0
45582,0
47250,0
27460,0
35338,1
4714,1
13904,1
59070,1
27787,0
27397,0
43614,1
35786,0
52342,1
15523,1
46751,1
7048,1
43617,1
60488,0
50933,0
1,1
49521,1
49431,0
47643,1
62196,1
41465,0
31508,0
25733,0
54496,0
56184,1
18164,1
17660,0
46957,0
36116,0
26439,1
57214,1
61642,1
41149,0
28585,0
24331,1
23238,0
45298,0
62756,1
39839,0
23418,0
30939,0
20366,0
20261,1
47886,1
17611,0
13483,1
29733,0
53395,1
14727,1
54013,1
2678,0
58444,1
18806,0
40347,1
36386,1
62535,0
54511,1
23800,1
3574,0
56268,0
28714,1
64784,1
38861,1
61350,0
19568,0
63032,0
4834,0
9298,0
17581,0
63733,0
27097,1
37598,1
60718,0
60561,1
25653,0
53309,1
515,0
759,1
32444,0
4467,0
22463,1
3341,1
29276,0
33123,1
25,1
61747,1
59444,0
53090,1
18980,1
5159,0
40878,0
18047,1
15576,0
43376,1
65145,0
2161,1
61701,0
62089,0
16213,1
19554,1
29820,0
59345,1
56392,1
31391,1
47221,1
32396,1
61625,1
14625,0
56312,0
50013,0
8204,1
1664,1
35206,0
60072,0
37930,1
15911,0
51242,1
23061,0
29672,1
2534,0
58651,0
4683,1
22144,0
36909,0
48122,1
7294,1
8810,1
17220,0
16457,0
28672,1
53845,0
6465,1
40230,1
6514,1
58725,0
60961,0
40901,0
63126,1
41594,0
31624,1
6772,1
17979,1
64564,0
50162,1
26038,0
39203,1
7192,0
1563,0
22654,0
14373,0
24883,1
27345,1
40581,1
48607,0
53592,0
14870,0
27171,0
30189,1
34160,1
7179,0
153,1
36282,0
1045,1
53992,1
402,0
53091,1
32537,1
4400,1
23892,0
42015,1
55204,0
20126,0
21595,0
51028,1
30359,1
42241,1
31868,1
14492,1
40927,1
13886,0
4370,0
64665,0
43194,1
24315,0
20421,1
21149,0
14604,0
57964,0
52006,0
47804,0
48976,1
19865,0
22501,0
15703,1
36229,0
37541,0
15290,1
49688,1
13619,0
48571,1
58772,1
19514,0
18036,1
14102,1
23109,0
47310,1
16025,0
13583,1
18561,0
19824,1
37607,1
59111,1
57238,0
48091,0
51454,0
56754,0
43012,1
54531,1
3033,1
49888,0
45192,1
17379,0
24470,0
743,0
42948,0
55325,1
30605,1
16050,1
32145,1
8740,1
8366,1
34036,1
29079,0
12103,1
57600,1
7869,1
11112,1
5519,0
50173,0
2699,0
49046,0
39638,0
29139,1
7374,1
15772,1
55691,0
62342,1
17919,1
12037,1
23773,0
9996,0
62517,1
9626,0
65132,1
19768,1
45825,1
10682,0
55612,0
8168,1
39208,1
28278,0
23163,1
57740,1
23578,0
57026,0
47138,0
45387,0
6587,1
62260,1
29087,1
5237,0
14048,1
50896,0
4953,0
12819,0
58706,0
23790,1
5857,1
55807,1
4137,0
2962,1
44346,1
4966,0
8691,0
44259,1
43082,1
41167,0
21565,0
14680,1
27611,0
42691,0
45635,0
385,0
58761,0
17094,1
32980,0
56226,1
30262,0
44106,0
57077,1
50008,0
53635,1
48837,1
18882,1
19538,0
8918,0
9846,1
18013,0
38018,1
63951,1
703,0
17626,0
33741,1
53491,1
45898,1
39513,0
36453,0
13037,1
8936,0
62228,0
26902,0
13929,1
38296,0
7109,1
24575,1
57915,0
8722,1
43342,1
53754,0
36584,0
57374,1
52723,0
26488,0
28996,1
9322,1
7568,1
41272,1
5851,0
51692,0
15841,0
56772,1
1412,0
3197,0
40765,0
1760,0
8797,0
57163,0
61401,1
38113,0
55199,1
31079,1
47461,1
26083,1
32771,1
14611,0
60398,0
25557,1
39618,1
14515,1
30167,0
43665,1
36074,0
48323,1
36421,0
47972,0
4802,1
37539,1
3884,1
45950,0
2469,1
31134,0
29554,0
57750,0
7124,0
10228,1
9630,0
23531,1
21111,0
36998,1
33674,0
34827,1
35721,1
8260,1
53800,1
30738,1
39268,1
779,1
7530,0
12348,0
34900,0
62827,1
54555,1
26339,1
22471,0
56112,0
60644,1
34384,0
6616,0
52742,1
12651,1
26770,1
55420,0
63071,1
51635,0
29358,1
38935,1
46600,0
38885,1
16718,0
61329,1
4764,0
51741,0
30731,0
54089,0
9284,0
72,1
13842,0
1679,0
18403,0
55859,1
51543,0
47271,0
63034,1
57122,1
4563,0
40009,0
14108,0
25912,1
65115,1
47389,0
56493,1
18402,1
30184,0
60232,1
45561,0
18050,1
53813,0
57201,1
9878,0
23746,0
32315,0
12971,0
2834,1
36122,1
2697,1
15584,1
51186,0
15857,0
50713,0
53721,0
7611,1
14857,0
3407,1
14601,0
7866,0
44946,1
64699,0
12508,1
54225,1
16225,1
59400,0
8641,1
58715,0
167,1
54984,0
60195,0
48407,1
30200,0
5475,1
55417,1
8563,1
8279,1
24440,1
12272,1
51245,0
34952,0
9003,0
12622,0
50607,1
7997,0
43186,0
23340,1
37051,0
22415,1
62586,1
3338,1
22430,1
26305,0
20660,0
7153,0
2862,0
36229,0
16451,0
56853,0
999,1
37077,1
5464,0
8400,0
1823,0
56130,1
9168,1
30012,1
35026,1
38653,0
6706,0
20731,1
50944,1
41668,0
63753,1
20909,1
8754,0
12202,1
64105,0
24844,1
39246,1
26928,0
14420,0
41774,1
1179,0
41539,1
57156,1
2710,1
61939,0
45811,0
46720,1
10005,0
45401,1
13639,1
43877,1
53297,1
53605,0
17897,1
24788,1
19287,1
17554,1
22155,1
62081,1
59676,1
53083,1
40989,0
19867,0
24303,1
52389,1
47763,1
65155,0
19379,0
62359,0
30146,1
36422,1
12604,0
26131,0
2977,1
58055,0
58506,1
20895,0
15207,1
50440,0
11439,0
6635,0
29063,1
6502,1
20386,1
13793,0
8373,1
10467,0
53074,1
64095,0
39908,1
30169,1
21871,1
55742,1
29006,0
17994,0
7622,0
29742,1
50307,0
44433,1
44796,0
59767,0
63029,0
64608,1
56414,0
34122,1
25972,0
19204,0
62692,0
17703,0
16709,1
12291,0
35472,1
44924,0
12953,1
5018,0
30281,1
59114,1
7064,0
37753,0
19121,0
34352,1
61674,1
12676,1
1046,1
62761,1
8973,0
17190,1
36148,1
32954,1
46558,0
18261,1
24272,1
25559,1
20147,1
41441,1
48752,1
30718,0
44506,0
41416,1
19701,0
41759,0
28050,1
41781,1
45321,1
8189,1
20018,1
27362,1
62627,0
19168,0
31278,0
3756,1
13226,1
37546,1
273,0
6328,0
8200,0
50409,1
48036,1
51846,1
65442,1
36350,1
41260,1
34992,1
44388,1
3352,1
64735,1
44630,1
18201,1
45939,0
7206,0
23505,1
17352,0
30642,1
46115,0
19525,0
63893,0
45412,0
56979,1
10218,0
17453,1
62913,1
4412,0
24691,0
20181,1
54024,1
17452,1
36885,0
25078,1
60888,0
39723,1
26804,0
63377,0
36958,0
23430,0
22013,0
50777,0
37571,1
11464,0
9434,1
25419,0
26687,1
29659,1
33840,0
29539,0
4596,0
57028,0
34846,1
39086,0
6771,0
5134,0
21184,0
40066,0
29593,1
18719,1
7815,1
37685,1
35616,0
13880,0
46819,1
51617,0
24062,1
64117,0
33409,1
26730,1
8100,0
37226,0
29993,0
65293,1
22027,0
26422,0
30254,0
18843,0
17625,0
59134,1
29825,1
21162,1
7615,1
16701,1
11086,0
61267,0
45588,1
62235,1
47621,0
47012,1
17745,1
60565,1
25387,1
49612,1
51289,0
24166,1
4621,0
34229,0
6888,0
53125,1
45914,1
43622,1
2665,0
41104,0
40292,1
57698,1
26223,1
33229,0
12094,1
50072,1
4449,0
32345,1
1285,0
10306,0
9119,0
11973,1
54853,0
30691,1
49092,1
43947,0
8245,0
20027,0
39605,1
38518,0
46283,1
64808,1
43377,1
29690,0
29451,0
14602,1
60626,0
43400,0
47133,0
42990,1
1873,1
57374,1
49885,1
27732,0
23760,0
52859,1
56676,0
5763,0
35536,1
53459,1
2899,0
833,0
58322,0
41001,0
15479,0
58697,0
9963,0
30510,0
17111,1
2258,1
51080,0
52125,0
26064,1
40945,0
45488,0
29190,0
22176,1
46678,0
53631,0
27210,0
55311,0
58919,0
19848,0
33570,0
39665,0
62883,1
15811,1
10592,1
26810,0
27399,1
65014,1
55899,0
15683,0
53559,0
16080,1
43823,1
26086,0
58981,1
36099,0
8659,0
39069,1
25399,0
17653,1
12306,0
48772,0
38006,1
21167,1
58601,0
35512,1
20156,1
15690,0
52417,0
13426,0
24470,0
58379,1
35182,0
48174,0
28143,0
58645,0
43728,1
50494,0
4634,1
19467,1
25467,1
37318,0
24085,0
21738,1
19650,1
39144,1
22830,1
34892,0
29291,0
65064,1
19109,0
35471,1
58679,1
10176,0
65151,0
34658,0
7435,0
23182,1
37018,0
17971,1
51552,0
53002,0
49421,1
61420,0
16252,0
34563,1
39627,1
9410,1
19874,1
49733,0
10926,0
32149,0
8985,1
60756,1
61236,1
17054,1
900,1
34381,1
48852,0
54113,0
18827,0
11113,1
52286,1
45763,0
10188,1
64028,1
17613,0
62970,0
62977,0
31651,1
2467,0
32535,1
47616,0
39385,0
7435,1
64445,1
56396,0
45491,1
3960,0
35547,1
20848,0
4958,0
14867,1
24081,0
49212,1
15909,1
5948,1
17871,0
47434,0
48684,1
38172,0
64684,1
14431,0
35904,0
22774,1
6381,0
27851,1
30289,1
40510,0
23629,0
4362,0
26780,0
28212,0
30380,1
51113,0
44888,0
22540,1
65157,0
18498,1
15463,0
26368,0
47785,1
28794,0
55289,1
10306,0
53419,0
64446,0
12948,0
10660,0
5153,0
14562,1
44395,1
15205,0
38842,1
15660,0
48036,0
46464,0
51286,0
46351,1
58146,1
54146,1
4060,1
10967,1
27452,0
32482,0
20286,1
1359,0
9577,0
63736,1
41524,0
5648,1
1032,0
20523,1
16501,1
12727,0
51912,1
2975,1
23470,0
17955,0
61108,0
39392,0
35216,1
11810,1
46743,1
20969,1
55354,0
45325,0
24081,1
63431,1
29097,0
46757,0
46643,0
57848,0
4089,1
4067,0
24401,0
26466,1
49442,0
26898,1
23589,1
19178,1
11263,0
50192,0
53661,1
36004,0
49695,0
8798,1
10242,1
39701,1
64422,0
7705,0
28959,1
56070,0
25798,0
26790,0
41595,0
46404,0
3723,1
32762,1
47149,1
27540,0
47333,0
13455,0
53284,1
57653,0
58133,0
17391,0
50166,1
54689,1
52849,1
63215,1
23465,1
1779,0
39323,1
42741,0
37136,0
31352,1
58216,1
19932,1
26508,0
47292,1
42927,0
9158,1
53898,1
65285,0
37344,0
33490,1
15759,0
17463,0
11540,0
15223,0
23788,0
47656,0
51707,1
4754,0
46740,0
37860,1
10875,0
30961,0
35592,0
63360,1
31652,1
1040,0
65342,1
65454,1
1460,1
44738,0
41475,1
51002,0
52709,0
10940,0
17769,1
21851,1
40735,1
8133,1
31454,1
36927,1
15990,0
22187,0
43514,0
33775,1
47447,0
2446,0
28678,1
22275,1
24979,1
20689,1
36749,0
64554,1
4111,0
26305,1
4146,1
41169,1
16717,1
25801,0
7995,0
18087,0
546,0
14635,1
21250,1
38351,1
55097,1
47050,1
18660,0
64386,0
43086,1
9714,0
59711,0
43482,1
57777,0
37454,1
14270,0
53216,0
61416,0
23432,0
28746,1
40596,1
1623,1
8709,0
49036,0
29293,0
26330,1
56557,0
64897,0
37273,0
31823,1
17803,0
51147,0
55422,1
63671,1
34627,0
16528,1
28121,0
3109,1
34935,1
21022,1
25257,0
55382,1
59251,1
30725,0
45985,1
57801,1
38836,1
31779,0
25690,0
16882,1
37536,1
53328,0
27725,1
20240,0
47586,0
38102,1
5693,1
18055,0
58586,1
43053,0
12730,1
24740,0
25322,1
35607,0
62537,1
49544,1
15717,1
42372,1
31528,1
58137,0
24151,0
57903,0
53049,1
25690,0
49781,1
12687,1
3589,0
1860,0
27357,1
26573,1
9437,0
24354,1
48559,1
15168,0
51493,0
122,0
36215,1
14302,1
57880,0
41334,0
18356,0
4553,0
28479,0
23365,0
30685,1
7981,0
250,1
36445,1
44175,0
34772,1
11331,1
38039,1
6448,1
46805,0
23163,0
32789,1
53066,1
54379,0
53074,0
22234,0
48710,1
17843,1
28979,0
10747,0
4348,0
4724,1
20335,1
11305,1
12134,1
12927,0
63385,1
30887,0
21372,1
9325,0
39045,0
8960,1
53586,1
44730,1
43865,0
7559,0
63220,0
58703,1
14254,0
29783,0
31712,0
11285,1
25670,0
3429,1
63492,1
56582,0
17659,0
10881,1
11299,1
4645,1
36730,0
33922,1
50900,1
33408,0
38845,0
46273,1
57419,1
14600,1
8713,0
1207,0
5711,0
61747,1
14394,0
27698,0
17871,1
55033,0
21805,0
16929,0
48675,0
27696,1
12,1
54580,1
17616,1
47332,0
16888,1
34900,1
40648,1
19643,0
35959,1
5703,0
24108,1
6025,1
64170,1
6158,1
38382,1
47371,1
56976,1
26755,1
63090,0
41281,1
18883,1
61185,0
9776,0
53689,1
21607,1
38179,1
27006,1
58834,1
51140,1
6839,1
39573,0
18070,0
51845,1
57823,0
21234,1
57118,0
16005,1
2538,0
20875,1
31015,0
2440,0
22568,0
10898,1
7217,1
14213,1
16234,0
46263,0
53330,1
16379,1
20387,1
7644,1
24513,0
50821,0
17612,0
24927,1
18174,1
34644,1
14021,0
13671,0
56204,1
20866,0
21495,0
34469,1
58557,0
16974,0
44794,1
44936,1
63569,0
26846,1
45965,1
25587,0
23020,0
39621,0
28804,0
7198,1
17883,1
16084,0
57104,0
11897,0
23239,0
21748,0
28954,1
64744,1
1330,0
4690,1
54407,0
25248,0
49494,1
33442,0
6313,1
8434,0
35573,0
29510,1
14422,1
13107,1
9963,1
52383,1
36441,0
12985,0
29323,1
27578,1
63110,0
13018,1
42192,1
33925,1
55041,0
48172,0
21331,1
15568,0
892,0
12702,0
47529,0
54818,1
16355,1
6825,0
62537,1
6292,1
35594,1
13644,0
24252,1
51238,0
1902,1
15276,0
14146,0
46223,0
60444,0
58645,0
52355,1
11414,0
7874,0
42808,1
16920,1
21783,1
59043,1
59804,1
11753,1
39373,1
51050,0
47665,0
9586,0
16775,0
23050,0
31839,0
62687,1
40488,0
64662,1
21754,0
23500,0
18431,0
2987,1
4538,1
58820,0
23646,1
43065,0
3094,1
48523,1
37013,0
4838,0
152,0
31810,0
8505,1
53115,0
30715,1
38775,0
58477,0
54937,0
41127,0
12125,0
1929,0
12785,0
45149,0
39304,0
797,0
7891,1
61970,0
32433,1
51086,1
33572,1
50449,0
62470,0
42952,1
44832,0
33017,0
21397,0
19175,1
49262,0
50110,0
59608,1
60358,0
55687,1
48099,0
1838,1
64705,1
541,0
18625,0
55236,0
47416,0
63698,0
15964,0
35385,0
44257,1
38606,1
43133,1
59291,1
34783,0
43073,1
58590,0
62762,0
63246,1
17696,1
10457,1
17417,0
59466,1
17252,1
30057,1
3220,1
36634,0
53868,0
14940,1
52609,1
19151,1
43904,1
23409,0
28655,0
46285,0
31533,1
55015,1
29920,0
40604,1
38907,0
58735,0
59476,1
32842,1
33113,1
2579,1
28660,0
44005,1
39010,1
60679,0
47783,0
50755,1
57985,1
46397,1
32405,0
37299,0
37694,1
57758,0
63337,1
24699,0
63008,1
7293,0
6957,0
1035,0
3332,0
38727,1
61104,1
35926,1
17967,0
62504,0
10421,0
4182,0
17990,0
54827,0
7734,0
3595,0
58148,1
59446,0
8261,0
484,1
12776,1
62522,1
243,0
1806,0
25624,0
17301,1
56881,1
6890,1
18950,1
18975,0
60773,1
21224,1
61160,0
58896,1
46828,0
33443,1
33666,0
12442,0
52723,1
8108,1
33180,1
8863,0
37457,0
565,1
11872,0
48055,0
62955,0
45250,0
33862,0
6331,1
44313,0
8080,1
50437,0
30399,1
51469,1
16704,1
19100,1
23269,1
19913,1
40640,0
22595,1
14267,1
62396,1
45421,0
61191,1
11519,1
7274,0
34901,0
45769,0
4169,0
9129,0
31039,0
64381,0
20878,0
19708,0
4024,0
28083,0
46422,0
34524,1
63300,1
40609,1
40005,0
23751,0
64899,1
39303,1
36552,1
61763,0
25713,0
2174,0
43657,1
42504,1
64282,0
44247,1
684,0
62944,0
37164,0
44357,1
12795,0
47968,0
36959,0
50699,1
13606,1
61053,1
10441,0
14354,0
7000,0
36557,1
17420,1
35771,0
10018,1
7766,0
25386,1
23153,1
11108,1
44383,1
30614,0
62587,0
15358,1
47997,0
32242,0
61499,1
15676,0
52335,0
2221,1
23363,1
44316,1
49557,0
24273,0
53016,1
51825,0
2608,1
11196,0
61367,1
34901,1
32079,0
27589,0
13331,0
45692,0
22589,0
50532,1
20658,0
38203,0
35781,0
9165,0
35296,1
36045,0
18852,0
39436,0
6826,0
26148,1
23610,1
29236,1
56891,0
65385,1
32055,0
46333,0
41508,0
50990,1
10245,0
35914,1
17942,0
31064,1
1696,0
48428,0
37289,0
56895,1
16116,0
62875,1
58333,0
24981,1
20371,0
61411,1
53266,1
39197,0
8976,0
35662,1
39686,0
45403,0
8388,1
58700,0
52350,0
49570,1
52666,0
43179,0
7054,0
6295,0
29623,0
50481,0
50443,1
22490,0
7657,1
4494,0
32860,1
62313,1
25184,1
15800,1
16138,1
53277,0
469,0
35565,1
30288,0
10080,1
34742,1
1822,0
27480,1
2577,0
65302,1
26184,1
10529,1
16048,1
57349,1
37692,1
35626,0
41591,1
44259,1
40450,1
24752,1
16428,1
6389,1
37005,0
9818,1
9428,1
52450,0
50616,0
38774,0
44663,0
32437,1
46983,1
37004,1
11608,0
7189,0
16182,1
21598,0
29690,0
18005,1
43220,0
2908,1
42409,0
19433,1
45887,0
49878,0
50098,1
49302,1
19446,1
21573,0
5088,1
26285,1
63347,0
63024,1
42595,0
53945,0
24118,0
45626,1
27026,0
40605,0
59560,0
62502,1
32080,1
45309,0
30460,0
26014,0
35495,1
10534,1
56892,1
7494,0
624,1
54974,1
40874,0
36415,1
955,1
30738,1
10719,0
18414,0
4327,1
43662,1
56425,0
8287,1
34965,1
24564,0
39696,1
7191,0
3401,1
22605,1
1360,0
116,0
23109,1
53120,0
854,1
65492,1
33524,1
26008,1
7158,1
44525,0
3867,1
3409,0
51744,0
39059,1
36148,1
40295,0
36180,0
40151,1
32237,0
3275,0
1990,1
4820,0
3186,1
8421,0
10013,1
21932,0
39054,1
34101,1
45055,1
25831,0
41333,0
36257,0
26552,1
23963,0
58629,1
41283,1
20021,1
52546,1
5671,1
50802,1
11953,1
18866,0
6856,0
13564,1
21325,1
63352,0
9557,0
16419,1
9288,1
59659,0
65173,1
61967,0
10587,1
23248,0
14472,0
3064,0
21487,1
51866,1
31972,1
62374,1
14108,1
12956,1
26582,1
3271,1
13790,1
61165,0
58993,0
44771,0
59729,0
6985,0
61858,0
26603,0
46604,0
44810,1
30374,0
45088,0
7031,1
38964,1
64731,1
7282,0
11800,0
60870,0
6816,1
48796,1
62512,0
27519,0
4320,0
18541,1
6895,1
36649,1
35970,1
13004,1
30089,1
45653,0
37491,1
50421,0
28578,0
65449,1
29920,1
16756,1
35861,1
56125,0
42967,0
19907,1
44493,0
37018,1
63669,0
7846,0
4207,1
11686,0
31234,1
63771,0
55200,1
22465,0
18715,1
45491,0
58560,1
18986,1
64795,0
49401,1
36553,1
20156,0
31996,1
34887,0
48982,1
35798,1
21221,1
59150,0
53484,0
11329,0
60494,1
609,0
21633,0
47961,1
50784,0
16167,0
36991,0
36339,0
52463,1
22564,1
12095,0
6490,1
706,1
54251,1
15750,1
60392,0
1937,1
51628,1
9111,1
21270,0
65064,1
62675,1
23349,1
17873,0
26987,1
57781,0
36995,0
54387,0
54995,1
29334,0
59381,0
17549,1
49108,1
12718,0
42060,1
14171,1
3532,0
53756,0
15374,1
57670,0
39547,0
48158,1
57027,1
22038,0
23317,1
33468,1
35860,1
40072,1
9490,1
1890,0
22625,0
9974,0
7636,1
16526,1
62031,1
6176,1
38686,1
53875,1
22443,0
64897,0
40112,1
27039,1
9777,0
8162,1
11356,0
33145,1
18224,1
60766,0
14185,1
48708,1
34041,0
39252,0
23313,0
36858,0
53394,1
16159,0
39333,1
4380,0
56670,0
45077,0
49019,1
49086,1
54892,0
27650,0
55627,1
13408,0
53170,0
38186,0
30374,1
58230,0
16342,1
37524,1
44806,1
31470,1
13967,0
9617,1
47996,0
55487,0
44963,0
40087,0
49891,0
33826,0
7489,1
62975,1
7435,0
60033,1
362,0
1106,1
63391,0
60248,1
36122,1
15555,1
15029,1
60279,0
65030,1
30708,0
3955,0
39334,0
20818,0
36362,0
14657,1
27068,0
12895,0
49163,0
60369,1
20749,0
62626,1
65427,0
56351,0
51879,0
48043,0
61817,1
13758,0
45476,0
58067,0
47156,0
53621,1
12705,1
45216,0
22491,1
6548,1
17619,0
44343,0
51892,0
39355,0
50742,0
62030,0
50724,1
27665,1
64887,0
46687,0
2753,0
44372,1
46948,0
55813,0
51120,0
8910,0
41807,1
47233,0
36017,1
45033,0
32984,0
40443,0
22785,0
11951,0
55320,0
45591,0
50630,0
55564,1
58051,0
38911,0
20493,1
62232,0
24749,0
64155,1
5356,0
59216,1
46841,1
41972,0
13817,0
8770,0
40314,1
19008,0
25845,0
59984,1
57066,0
57813,0
20572,0
46178,0
25786,0
49960,0
49463,1
22139,1
32533,0
21188,0
55646,0
47446,0
16855,1
65485,1
49704,1
37877,1
56211,1
57125,1
31067,0
36389,0
2455,0
19923,1
5789,0
38026,0
32190,0
45,0
12821,1
44039,0
15714,0
60274,1
48882,1
37064,1
53333,1
2120,1
53192,1
20992,0
39352,1
32319,0
8114,1
7680,1
26441,1
64101,0
35272,1
11878,1
16367,0
24331,1
28294,1
25783,1
55775,0
22899,0
41746,0
21094,0
35185,1
40947,1
43837,0
44591,0
27644,0
9850,0
34365,0
50555,1
57913,1
6977,0
6443,1
9069,0
9866,1
2669,0
26304,1
11724,1
8065,1
57268,1
44282,1
17246,0
64632,0
29043,0
39211,1
64219,0
17779,1
3455,1
56442,0
33457,0
5822,1
30332,1
60658,1
60346,0
9352,0
23461,1
14979,1
44175,1
27277,0
48938,1
37431,1
8026,1
64515,0
14756,0
48460,0
48247,1
17292,1
31573,1
58097,1
6572,0
24849,0
60686,1
15413,1
57385,1
12863,0
18933,0
36479,1
2506,1
38591,1
22103,1
27682,1
48677,1
12232,0
4400,1
5965,1
27774,1
32777,0
11745,0
61237,0
52193,0
47043,0
14038,1
1122,0
13572,0
16908,0
31098,0
21572,1
12073,1
23428,0
58628,0
46575,0
34885,1
16331,1
5660,0
33332,0
2124,0
565,1
34047,0
43407,0
57194,0
9249,1
34490,0
16517,0
30634,1
16156,1
41573,1
13223,0
6276,0
3494,1
1764,0
44978,0
40790,0
55704,0
47603,1
54041,1
16881,0
37482,0
46256,0
7899,0
945,1
20468,0
628,0
53837,0
32393,0
47531,0
55656,0
53637,1
19670,0
2837,0
6291,1
20800,0
57397,0
47185,0
63698,0
29715,0
54182,1
17768,1
48772,0
60820,1
25199,1
40060,1
9095,1
42218,0
4573,0
40429,0
63848,1
31157,0
25696,0
49827,0
1799,1
34684,1
64468,0
56566,1
52393,1
17975,1
378,0
34439,0
36862,0
41415,1
54522,1
61327,0
21430,1
38873,0
6661,0
46388,0
17810,0
5303,0
1714,1
13845,1
34092,0
12449,1
40467,1
41469,1
65179,1
51091,1
36928,0
41957,0
25700,0
116,0
51667,1
4095,0
4036,1
11846,1
21008,0
19584,1
61897,1
62023,1
11232,1
47676,0
13681,0
7590,1
26480,1
55763,0
23334,0
24042,0
34032,0
63041,0
17807,1
19616,1
3492,0
20997,0
5174,1
30938,1
50180,0
53873,0
4233,0
25323,1
23662,1
40951,1
42274,0
21297,1
51032,0
26492,1
1976,1
33350,1
45511,0
15323,0
4884,0
53506,1
42739,1
4518,1
62489,1
5069,1
522,1
60526,1
22433,0
57682,1
4566,1
10998,0
25722,1
44976,1
57649,1
43625,1
50479,1
28700,0
47442,1
8335,0
2592,1
31625,1
9095,0
41157,1
42324,1
34968,1
64551,1
22525,0
27318,0
41610,1
4420,1
38633,0
61878,1
6900,0
42620,1
28468,0
34147,0
58022,1
53992,0
57893,0
42986,0
39257,1
43034,0
64327,1
1187,1
41044,0
1452,0
44752,1
20234,1
56965,1
55529,1
3565,1
53103,0
18464,0
41435,0
3818,0
51065,1
17369,0
62793,0
37773,0
12186,0
35595,0
18513,0
4610,0
30079,1
34791,0
58853,1
39800,1
61271,1
25098,0
36752,1
35758,1
64998,0
36870,0
54467,0
15231,0
44727,1
14355,1
64127,1
35168,1
55970,0
19605,0
23104,0
5332,1
30919,1
5001,0
64519,1
15021,0
42471,1
51695,1
32656,0
18675,1
20480,1
39413,1
14085,1
18184,1
64011,0
22645,0
60122,0
60598,0
43420,1
33425,0
15659,1
32622,0
52470,0
46909,0
21188,0
48368,0
1103,1
4907,0
9718,1
48136,1
34606,1
5834,1
4702,1
18864,0
51179,1
34416,1
43132,1
36137,0
22611,1
41327,1
10734,0
14729,1
32619,0
7864,1
31808,1
52995,1
43066,1
63382,0
55684,1
58320,0
2739,1
46187,0
8406,0
4027,0
33252,1
27721,1
40578,1
40177,1
63052,0
8983,1
46904,1
60317,1
51389,1
6701,1
34850,0
26963,0
55290,0
59687,0
26254,0
47489,1
40494,1
23360,1
62174,1
48320,1
30483,0
8413,1
14205,0
8129,1
13917,1
9410,1
13411,1
20553,0
4231,0
29805,1
2673,1
44494,1
52475,0
750,0
13891,1
9775,1
6064,1
13246,0
63202,1
29670,1
40242,0
59717,1
48039,0
48791,1
56363,0
12711,1
11580,1
22111,1
18951,0
40461,1
48751,0
27319,1
8506,1
7151,1
7584,1
53149,0
22344,1
17751,1
29525,0
56894,1
37768,0
40419,1
53076,0
58779,0
62105,0
53865,0
53748,1
60785,0
61100,1
27172,1
1706,0
57144,1
22263,0
5337,0
42989,0
40435,0
46465,0
38050,1
56109,1
52151,0
13319,0
63294,1
41306,1
20960,0
60619,0
52897,1
58036,1
59427,1
61732,0
30163,1
23569,1
3725,0
30332,0
7460,0
22615,0
54090,1
62124,0
22497,0
35732,0
15898,1
27641,0
47435,1
11557,1
52966,1
30101,1
24878,0
27981,0
12542,1
11501,1
44503,0
65480,1
59145,1
9332,0
49244,1
25136,0
43227,0
63262,1
33587,1
1232,0
13973,0
29294,1
36867,0
59388,1
5833,1
48552,1
17726,1
7077,0
33100,1
54040,0
57674,1
48330,1
63646,1
43070,1
33389,0
50734,1
58419,0
42912,1
36326,1
10410,1
53814,1
62519,1
58469,1
19434,0
31991,0
62286,1
62736,1
37163,1
58750,1
41041,1
7721,0
40845,0
13068,0
64901,1
34846,1
32222,1
20290,0
25795,1
18822,0
10052,1
49739,0
23704,0
58484,0
51985,0
17581,0
13536,0
2969,0
5107,1
30192,0
27782,1
47860,0
38019,1
50541,0
62895,1
6172,1
17187,0
42419,0
2437,1
55977,1
48590,1
56681,0
22894,1
36830,0
22615,0
34145,1
5885,0
52495,1
51413,1
65340,0
41896,1
20703,1
40485,0
46478,1
49026,0
40744,0
22956,0
12319,0
59629,0
51638,1
23161,0
39849,0
49040,0
53454,0
32187,0
60533,1
63955,1
56747,1
30465,0
15065,0
32281,0
61079,1
38778,1
51029,0
45508,1
53401,1
5360,1
65282,0
2623,1
3068,1
45550,1
34751,0
48274,1
29763,0
11512,0
48502,1
32775,0
54270,1
61981,1
5786,1
60992,0
46758,0
284,1
58785,0
49853,1
49513,0
33939,1
7789,1
57806,1
17748,0
11081,0
8080,1
18603,0
16662,1
31085,1
18929,1
36985,0
39966,1
16494,0
6596,0
41651,0
48547,1
45945,1
14909,0
44686,0
28151,1
250,0
60870,1
53736,0
48618,0
36741,1
62489,1
34201,0
53066,1
19485,0
6412,0
64847,1
19664,1
26941,0
59789,1
6481,0
29523,1
10203,0
12869,0
5955,0
64616,0
21261,1
8998,0
9943,0
38435,1
7294,1
27318,0
56932,1
9158,0
64404,1
8464,1
2465,1
24117,1
717,1
59306,1
42654,0
29922,1
60909,1
53363,0
47081,0
26999,1
24188,1
43743,0
1747,0
62190,0
61974,0
40949,0
31933,1
60877,0
2379,1
54913,1
52644,0
45960,1
49329,0
21107,0
6455,1
27831,0
32341,0
55889,1
8387,1
24168,0
12016,1
40439,1
61995,0
62070,0
34428,0
57889,1
31369,1
27973,0
1655,0
1551,0
50894,0
64700,1
50812,0
35673,1
32387,1
60922,0
38388,0
51262,1
64640,1
16164,1
48067,1
46546,0
53809,0
4566,0
35793,0
24789,1
41682,0
39617,1
19470,1
55402,1
4695,1
9673,0
34709,1
657,1
52750,1
13318,0
33131,1
51761,0
31407,0
4961,0
21706,1
54329,0
44262,0
44537,1
28212,0
6421,0
2514,0
54939,1
22334,0
19957,0
33096,0
2949,1
57354,0
3090,1
25642,0
18568,1
48005,1
20288,0
52582,0
23842,1
65088,1
61165,1
560,0
7313,0
6700,1
56954,1
40992,0
9467,1
33941,1
42888,1
36302,0
35486,0
15062,0
50555,1
47798,0
46425,0
46336,0
35297,0
28492,1
48569,0
59297,0
41163,1
35467,1
11785,1
8676,1
15224,1
19385,0
29692,0
4012,0
16339,0
21026,1
34947,1
29530,0
63425,0
7352,1
6169,0
22703,1
1343,1
29474,0
29141,0
13613,0
4708,1
49638,1
38180,0
24845,0
55022,0
44516,0
55814,1
1748,1
35335,1
52369,0
15391,1
11995,0
4964,0
30131,0
20858,0
43640,1
38052,1
42832,0
11894,0
60173,0
32164,0
6240,1
32793,0
42541,1
46350,0
40997,1
24739,0
35096,1
10636,0
11432,0
7978,0
49776,0
27692,1
51279,1
53672,1
35810,0
27393,0
48543,0
45002,1
63121,1
46569,1
1327,0
41587,0
52273,0
59130,0
18320,0
65392,0
14331,0
35268,0
58798,1
30809,0
185,0
43734,1
25660,1
57489,0
9064,0
60389,1
2877,0
39723,0
44127,1
57015,0
31875,0
20861,0
64460,1
14017,1
59736,1
28328,0
20392,0
24161,0
21723,1
12549,1
53098,1
14289,0
1025,1
61661,1
16216,0
33338,1
37510,0
18248,0
64145,1
61092,1
1179,1
38430,1
34143,1
13111,1
44389,0
8978,1
25451,1
11136,1
12295,1
20511,0
25916,0
41530,1
64700,0
22504,1
43127,0
5165,0
1606,0
43598,1
46447,0
34841,0
29550,0
9089,0
31774,1
30087,0
49636,0
60741,0
41198,1
50856,1
29000,1
35916,1
49005,0
27130,1
28014,1
35271,0
63177,1
36335,1
1893,0
6057,1
34354,0
20774,0
47226,0
48194,1
21408,1
28266,0
20902,0
22073,0
31660,1
56975,0
41361,1
16940,0
30616,0
54279,1
43113,0
27258,1
20231,1
5809,0
26525,1
26767,0
42877,0
26491,0
37984,0
23449,1
11763,0
51793,1
64014,0
21540,0
617,1
26481,0
40914,0
62374,1
38519,0
49372,0
10769,1
63528,0
37278,1
15052,1
47012,0
38458,0
62533,1
8662,0
17701,0
20498,1
36836,1
62055,1
56446,0
14921,1
44020,0
11803,1
60084,1
19434,1
28692,0
2001,1
59174,0
57051,1
51304,0
20671,1
18049,1
47485,0
49150,0
10418,0
64901,0
32832,0
38453,0
38900,0
328,1
18625,1
17761,0
24475,1
60390,0
3818,0
25958,1
9847,1
17826,1
64812,0
35897,1
34567,1
3325,0
7431,0
47349,1
35294,1
16695,0
18997,0
14077,0
61858,1
17523,0
20768,1
63967,0
36988,0
5606,1
439,1
12889,0
60005,0
47476,0
54225,1
31622,0
29023,1
35450,0
9026,0
15246,1
8350,0
61294,0
50559,0
58630,0
17860,0
8805,1
2332,1
21055,0
48148,0
17340,1
38362,1
52047,1
31910,1
64782,1
45360,0
18636,1
17943,0
44467,1
46641,0
12406,0
57245,1
50603,1
35741,1
57108,1
12604,1
36292,0
28776,1
8542,0
6917,0
22214,1
61879,0
36587,1
15808,1
51738,1
6959,1
43651,1
32706,0
5177,0
61936,1
4772,1
15946,1
20186,1
44539,0
33498,1
23318,1
11883,1
29446,0
47841,0
49084,1
43870,0
21363,1
23704,1
13820,0
10498,1
36762,1
18327,0
7037,0
59633,1
20481,1
55333,0
60766,1
42878,1
7092,0
59389,1
17109,0
4775,1
33052,0
33892,0
43378,1
28141,0
51649,1
30854,1
37496,1
46711,1
63544,1
28465,0
62676,0
33858,0
56227,0
47727,0
39270,1
37023,1
28585,0
60188,0
37762,1
61788,0
45497,0
12092,0
57390,0
33713,0
53412,1
13814,0
48102,1
17400,1
58923,1
31599,1
63219,0
10276,1
38886,1
55038,1
64101,0
26360,0
63563,1
58156,0
898,0
41135,0
49999,0
33353,0
50884,0
41348,1
60264,0
53504,0
64613,1
10738,1
34251,0
63651,0
32998,0
29353,1
35719,1
50477,1
21927,1
45893,1
22407,1
5883,1
51210,0
59895,1
60231,1
42697,1
55883,0
34211,0
50797,0
58754,0
55069,1
48600,0
40026,1
52943,0
34023,1
6450,0
13240,0
11025,0
20307,1
61138,0
39679,0
24228,1
46354,1
64735,0
20757,0
30982,1
10305,0
25736,0
11426,0
57521,1
13002,0
10636,1
39969,1
16321,0
23444,0
54233,0
25209,0
63688,0
7103,1
20232,1
5390,0
12808,0
25727,0
53084,0
5011,1
2303,1
42694,0
52144,1
53250,1
40124,1
39348,0
12971,1
52482,1
59325,1
46983,0
15068,0
60862,0
33457,1
56639,1
18604,1
17368,0
37101,0
25695,1
4935,1
4454,0
13411,0
42645,1
17808,0
2545,1
30494,1
37878,0
24668,0
51110,1
24557,1
31296,0
21867,1
6931,1
57268,0
41213,0
43603,0
31487,1
63697,0
35767,1
48355,0
17783,0
24036,1
4678,0
53428,0
8058,0
111,1
43264,0
60651,0
61767,1
39429,0
21415,1
9673,0
53661,1
24409,1
63458,1
18611,0
58831,1
38134,1
20138,0
54383,0
9589,0
61431,1
22155,1
53387,0
46420,0
31161,0
58401,0
51449,1
35788,0
28692,1
3077,1
10560,1
36951,0
2071,1
11084,1
4715,0
57775,0
57985,0
16018,1
1997,1
62315,1
59997,1
37202,1
42316,0
31276,0
54548,1
3296,1
57479,0
55147,0
36001,0
32543,0
51634,0
23438,1
21990,1
61488,0
55522,1
10639,0
19256,0
28849,0
51271,1
1232,1
8365,0
48397,1
44140,0
57505,0
52255,1
50576,1
42883,1
59368,0
61181,1
11161,0
46097,0
5224,0
11689,1
39948,1
32843,1
30919,0
59248,1
60502,0
2471,1
419,0
45676,1
15315,0
54429,1
52287,0
54033,0
46164,1
13901,1
32776,0
53146,0
32652,0
64413,1
14802,0
10186,1
35058,0
13523,1
31194,0
37406,1
21860,0
63133,0
13555,0
52819,0
46859,1
29898,1
29373,1
33300,1
28711,0
48245,0
7201,1
39712,0
6238,1
2552,1
60359,1
20322,0
27324,0
45463,1
7100,1
52244,0
37769,1
13576,1
22357,0
2066,0
4236,1
59034,0
43393,0
15035,1
13315,1
1648,0
45096,0
4961,1
49087,1
31962,1
60641,0
3874,1
35953,1
26710,1
64145,0
32303,1
24571,0
4448,1
36855,0
22724,0
28773,0
19612,0
49228,1
12120,0
49433,1
22559,0
60235,0
52447,0
58459,0
60549,1
42856,0
5838,0
47803,0
8740,1
23094,1
7485,1
38394,0
17948,1
20947,0
32206,1
24657,0
54746,0
60276,1
11403,0
164,1
13799,1
56187,1
54103,0
26173,1
34958,1
22183,0
52177,1
52353,1
63157,1
60972,0
9485,1
38267,1
3743,0
16620,1
1081,0
54949,0
55680,1
2942,0
58129,1
23558,0
47296,1
31007,1
24040,0
16390,0
26343,1
3228,0
41574,1
65129,0
16720,0
33179,1
63236,1
11822,0
20364,1
30139,1
33694,0
27287,0
4727,1
11159,1
55624,1
37680,0
51359,0
38383,1
5729,0
7988,0
24701,1
26242,0
16953,1
52737,0
5579,1
2895,1
50565,1
13772,1
35223,1
25937,0
2973,1
54251,1
31655,1
10226,0
3529,1
47311,0
25203,0
20107,1
64834,0
254,0
13300,0
56696,0
40223,1
41329,0
56175,0
25284,1
26014,1
15703,0
29583,1
17204,1
30732,0
26977,1
37572,1
3472,0
2964,0
42372,0
31488,1
60983,1
27508,1
46050,0
23234,1
57438,1
47765,0
54598,0
10555,1
3701,1
4650,0
6979,1
2732,1
55806,0
41432,0
9561,1
56187,0
6620,1
23696,0
20797,0
5647,1
12417,0
1700,0
14801,1
691,0
17984,1
59426,1
65385,0
6731,1
27279,1
9436,1
20935,0
49776,0
13891,1
47176,0
25711,0
22428,1
51751,1
2938,1
63776,1
21758,0
41449,0
39051,1
15969,0
59998,0
62023,0
23637,1
43206,0
58839,1
52951,0
6598,0
8870,0
48579,0
38122,0
11768,0
18854,0
52884,0
45248,1
39972,0
3168,0
55470,1
34317,1
47086,0
22508,1
36492,1
39050,0
28738,0
14763,0
43509,0
62292,0
50341,0
10981,1
12018,0
27872,1
16756,0
37314,0
29293,1
65428,1
38910,0
28078,1
43498,0
54325,0
59854,0
13467,0
57204,1
35327,1
16994,0
23931,0
63430,1
353,1
50288,1
54026,0
23961,0
19902,1
28997,1
6750,0
44490,1
33942,1
41343,1
46064,0
65147,1
47078,1
12980,0
38992,1
4691,1
30798,1
40552,0
14661,1
3209,1
34996,0
26786,1
60339,1
39621,1
41023,0
45315,0
10830,0
30667,1
56193,0
33545,0
4260,1
519,0
51770,1
37494,1
58072,0
33203,1
34233,0
36085,1
63731,1
55351,1
48081,0
21444,0
1411,0
55485,1
14141,0
47694,0
26166,1
61356,0
62584,1
39476,0
48232,1
45367,1
27462,0
23557,1
16460,0
51033,0
5112,1
18563,0
10674,1
14626,1
52986,1
58339,1
30595,0
25556,1
45395,1
20695,0
7246,0
49410,1
34348,1
11065,1
36464,0
22197,0
57693,1
7117,0
22143,0
40089,1
24154,1
26862,0
45451,0
44725,0
51465,0
28578,1
46628,1
15887,0
5648,0
7269,1
24020,1
36774,1
5313,0
55641,0
43509,1
14831,1
16833,0
20485,1
43143,1
59852,0
38777,0
16418,1
7006,1
42250,0
24656,0
42838,1
42924,0
2271,0
23538,0
7421,0
31187,1
47643,1
36253,0
32846,0
5909,0
29222,0
19865,0
35337,0
25685,1
1167,1
2573,0
51434,1
16785,1
10000,0
57150,1
11544,0
58660,1
44827,0
58683,1
1998,0
51354,1
7521,0
29139,1
30589,1
40090,1
54910,0
34859,0
36805,1
11910,1
11720,1
22807,0
46778,1
64760,0
35248,1
27255,1
19701,1
19667,0
9392,1
62567,0
17967,1
48664,1
37535,1
15790,1
32032,1
20857,0
10886,1
58269,0
11854,1
46559,1
21274,1
21729,0
48601,0
44020,1
31329,1
13227,1
24239,0
8085,0
52923,1
49034,1
64908,1
44742,1
62245,0
62534,0
2424,1
1180,1
7728,0
48732,0
51514,0
17404,0
14087,1
49639,0
32700,1
21449,0
6611,0
16311,1
7837,0
1748,0
37490,0
38324,0
51111,1
10104,0
6786,1
14320,1
1006,1
31751,1
14822,1
4778,1
11623,0
667,1
16143,1
56584,0
50116,0
25084,1
17016,1
49585,0
53570,0
48243,0
3019,0
34692,1
58565,0
53416,0
34967,1
4910,1
52564,0
40093,0
58942,1
56210,0
64083,1
42772,1
47779,0
45267,0
33911,0
35740,1
15809,0
7208,1
25780,0
40350,1
38556,0
18428,1
2987,0
11287,0
1079,0
46540,0
60046,0
28631,1
52516,0
5893,0
49555,1
29721,0
35238,0
36236,1
35150,1
1984,0
22725,0
33553,1
23466,1
1361,1
5856,0
18893,1
43205,1
63711,1
44561,0
59403,0
36101,1
14943,0
59000,1
41726,0
56867,0
52287,1
18267,1
16722,0
36122,1
9048,0
20529,0
15456,1
36086,1
17053,1
37754,1
42632,0
56146,0
42858,1
54771,1
8721,1
28507,1
9139,0
54301,1
49638,1
46043,0
56160,1
30966,0
44133,1
28155,1
38809,1
50593,1
44530,1
49110,0
63967,0
45682,1
10601,1
32937,0
44388,0
3335,0
18221,1
64233,0
12658,1
15594,0
49296,0
28792,1
20695,0
27016,1
2536,1
34741,0
41847,0
38590,0
18818,1
53860,1
1254,0
33751,1
14191,0
63959,1
32020,0
35694,1
38013,1
5602,1
39344,0
63872,0
62581,0
26473,0
5662,0
31895,0
58683,1
51879,1
63673,0
46339,1
55329,0
31255,1
54045,1
18925,0
51618,1
20724,0
44289,1
23929,1
53650,0
3667,1
30863,1
28958,1
41492,0
30786,0
62251,0
11794,1
62086,0
35440,1
60963,0
50989,0
5480,1
51096,0
9222,1
3179,0
16850,1
37157,0
4211,1
17650,1
9732,0
3165,0
17058,1
9397,0
16531,1
45161,0
56752,1
36968,1
42384,1
11850,1
916,0
46307,1
33880,1
22065,0
14301,0
5675,0
9818,1
38915,1
20968,1
28076,0
30207,0
57923,0
51346,0
50472,0
9607,1
9913,0
59543,0
2280,1
65180,1
62166,1
16116,1
58607,0
21906,0
21644,1
50880,1
61161,1
38860,0
45205,1
15410,0
12083,0
54368,1
7102,1
42336,1
21207,0
10775,1
52112,1
61432,1
1630,1
10981,1
10414,0
56340,0
24353,0
62394,1
46782,1
21542,1
54401,1
8441,1
58939,1
34999,0
893,0
20683,1
41314,1
42614,1
23618,0
54134,0
37728,1
28268,0
14073,1
31643,1
38091,0
56162,1
19649,1
11233,1
44324,0
2665,1
34598,1
46034,1
26637,0
61866,0
50894,1
5766,1
11225,1
40259,0
10052,1
43785,1
8616,0
20255,1
6903,0
63460,1
60338,0
26079,0
8118,0
17702,0
10676,0
55396,0
22526,0
4639,0
1187,1
19262,1
56733,0
50987,0
49660,0
44633,1
1023,1
18493,1
30714,0
37009,0
24907,1
52534,1
24929,0
22410,0
30473,1
65056,1
51984,1
32214,1
40273,0
39195,1
17190,1
6049,1
26041,1
53748,1
38302,1
35635,0
51053,1
16142,0
21471,1
26366,1
4406,0
23212,1
43325,0
14086,0
5358,1
5215,0
42910,0
35604,0
42092,1
11153,0
21100,1
44131,1
21355,0
25106,1
37292,0
29644,0
24007,1
61724,0
32186,1
473,1
65326,1
49298,1
37976,0
50119,1
47398,0
51677,1
14601,0
21063,1
6624,0
57856,0
25194,0
12818,1
43454,1
9711,0
14562,1
11861,0
57654,0
57066,1
12994,1
55845,1
54502,0
58521,1
23095,0
46110,1
52175,1
22834,1
34416,0
50830,1
56948,1
4275,1
28404,0
32393,0
64052,0
55536,0
41032,1
18308,1
21382,1
43046,0
34419,0
45579,1
31748,1
50332,0
12823,1
8038,1
56528,0
34545,0
45822,0
11617,1
4275,0
24103,0
55658,0
31589,0
27174,0
26597,1
50651,1
46205,0
20782,0
15764,0
49984,0
28735,1
1336,1
62825,1
41588,0
57985,1
12890,0
21864,1
60674,0
10507,0
21283,1
6625,1
19436,0
60404,0
30471,1
53204,1
33005,1
47811,1
16733,1
63550,0
42195,0
12854,0
40947,0
16126,1
29222,0
11608,0
53640,0
18638,0
47274,0
62142,1
27791,0
59633,0
52050,0
50349,0
23592,1
19764,0
42353,1
1316,1
603,1
10005,0
11981,1
54202,1
59752,1
39298,0
51167,0
17633,1
58745,0
54186,1
14760,1
26573,1
44951,1
46218,1
42514,0
47223,0
22712,0
31181,0
64751,0
2942,0
55088,0
2517,0
19030,1
49100,1
24792,1
64637,0
54190,1
28793,1
24426,0
31529,1
14395,1
28232,0
42231,0
22908,1
5991,1
678,0
55050,0
3668,1
47705,0
15863,0
33927,0
6939,1
48201,0
10652,0
30641,0
36667,1
60887,1
2585,1
64732,1
41870,1
26310,1
22560,0
48972,0
28576,1
4781,0
14333,0
55439,1
43912,0
11647,1
47210,1
8955,0
59406,0
12551,0
1967,1
13242,1
37538,1
43001,0
56899,1
21056,1
52162,0
54088,0
52513,0
59507,0
15307,1
41855,1
8868,0
53611,1
5962,0
31256,0
43036,1
45775,0
21937,1
48931,0
25802,0
44052,1
36122,0
20779,1
59001,0
37092,1
9339,0
22796,1
15843,0
10132,0
27116,0
56050,0
43776,1
39557,1
48650,1
53769,1
51099,1
14138,0
51633,0
60001,0
26919,1
47976,1
53227,1
3426,1
62452,0
21332,0
33391,1
20994,0
44352,1
28965,1
2693,1
21825,1
11325,1
63418,1
62893,1
52523,1
38871,0
44524,1
59900,0
28731,0
7819,1
6274,0
22071,0
20252,0
21517,0
34896,0
38045,0
28280,1
45867,0
56599,0
27716,1
29888,0
27390,1
15674,0
64061,1
57029,0
31272,1
63245,0
15865,0
64953,1
36516,0
963,1
58491,1
40963,1
51571,0
2592,1
40412,1
6743,0
18321,0
57774,1
64057,0
7480,0
46062,1
37512,1
26859,0
42000,0
29452,1
16812,0
15256,1
36464,1
21858,0
35886,1
51379,0
14219,1
36684,0
22336,1
25240,1
55548,0
29023,1
19557,0
1292,1
18537,1
34266,0
41371,1
5634,1
54581,0
39459,0
20937,1
27280,0
54361,1
13662,1
57813,1
33833,0
17016,1
63170,1
3514,1
64693,1
39297,0
42334,1
6433,0
34,1
20156,0
61221,1
27098,0
51775,1
16761,1
37228,0
38682,1
30318,0
12183,1
43514,0
42693,0
26367,0
26448,0
21858,0
48435,1
16727,1
53263,0
19833,0
38065,1
59415,0
46639,1
35153,0
25917,0
17480,0
8725,0
38555,0
45714,0
13107,1
49421,0
561,0
26477,1
20151,1
36098,0
57271,1
27608,0
5221,1
39401,1
29741,0
13850,1
12548,0
53648,1
60483,0
61950,1
39268,0
46259,0
5625,0
7319,0
26590,0
10352,0
58898,0
25161,0
5478,1
21660,0
53990,0
44757,1
55950,1
42389,0
18739,0
42712,1
32358,0
11190,0
2951,0
60694,0
43698,0
36598,0
64643,0
50341,0
56492,0
54818,0
27051,1
44803,0
41541,0
606,0
63120,0
60168,1
33444,0
37614,0
29078,1
39329,1
10634,0
23849,1
38755,1
20776,0
6935,0
40744,0
29807,1
14674,0
53351,1
43545,0
61190,1
20960,0
46281,1
54179,1
19678,1
43886,0
46986,0
8405,1
894,1
60984,1
36747,0
9092,0
64575,0
46170,0
62046,1
11708,0
17386,1
26796,0
5782,0
17225,1
12336,0
7861,1
45844,0
20286,0
27985,0
56247,0
133,0
16956,0
17187,0
23001,0
54863,1
34880,1
61474,0
5971,1
4660,0
23342,0
424,0
24102,0
6822,1
27461,1
11918,1
40730,0
25518,1
58759,1
16722,1
58613,1
56874,0
2262,1
54708,1
19623,0
27512,1
43822,0
63498,0
14982,0
46763,1
54021,0
45802,1
45946,0
18393,1
17363,1
26200,0
13028,0
39330,1
20674,0
18510,0
62117,0
34275,1
64614,1
50650,0
1417,1
13648,0
24787,0
58392,0
34033,1
22029,1
26065,0
60737,1
25384,0
8440,1
11110,1
37938,1
58253,0
22234,0
10768,1
388,0
2063,0
61706,1
62932,1
4209,0
10296,0
46706,0
57440,0
13941,1
16859,0
13930,1
12758,1
48791,0
45146,1
20409,1
20258,0
43987,1
23745,1
28339,1
57102,1
36752,1
3141,0
57622,1
8406,1
56065,0
24955,0
18487,1
61756,1
36,0
8976,0
16785,0
1221,1
43236,1
22377,1
62099,1
53541,0
44623,0
40351,0
11052,0
53221,1
19955,1
33701,1
53717,1
23146,0
17122,0
37682,0
62474,1
4403,1
27133,1
63066,0
48703,0
43622,1
49806,0
7068,0
13090,0
41144,0
15075,1
3625,0
54299,1
21409,0
12042,0
29600,1
17933,1
2484,0
29508,1
18481,0
50377,0
46937,1
22893,0
48973,0
2204,0
43304,1
12718,0
1089,1
58889,0
54650,1
52995,0
58511,0
44551,1
55392,0
51669,1
10708,0
36793,1
25202,1
38416,1
45457,0
32587,1
13679,0
12952,1
9359,1
28285,0
59624,0
52280,0
6094,1
47103,1
23624,0
23029,0
11867,0
36622,0
14355,1
64749,0
25563,0
16081,0
2600,1
48762,1
64711,0
29672,1
49309,0
65517,0
14624,0
44474,0
49702,1
50080,0
47800,0
55183,0
7863,0
58050,1
24769,0
37134,1
47408,0
59063,0
17848,0
9266,0
9023,1
41662,0
32390,0
45197,0
38196,1
56521,1
51070,1
40327,1
36042,1
27531,0
42147,1
49769,1
37595,1
34183,1
57251,1
4856,0
48202,1
32372,1
2741,0
42214,0
7643,1
28296,1
51817,1
3211,1
58347,0
35967,1
7061,0
16911,1
394,0
52512,0
21725,1
28073,0
15010,0
17674,1
59043,1
44030,1
7751,0
20504,1
15350,1
16533,0
37560,0
50536,0
65066,0
59281,1
54701,1
23018,1
35324,0
60429,0
24238,1
61024,0
55487,0
61702,1
51257,0
17315,0
29479,1
49062,0
54709,1
28048,1
10501,0
58718,1
26270,1
28319,0
4527,0
45301,1
13165,1
44519,0
63438,0
16988,1
37719,1
49675,1
11717,1
46201,1
46157,0
58923,1
59640,1
36712,0
54388,1
48699,1
968,0
42193,0
58542,0
16849,0
6888,1
57827,0
4292,1
7927,1
61768,0
48225,1
23703,1
57192,1
27935,1
61522,0
12997,1
54386,1
40819,0
56189,1
9487,1
62864,1
44082,0
48073,1
13284,0
45797,1
960,1
12000,0
39309,1
25268,0
24630,1
50092,1
50273,1
18913,0
44082,1
55891,0
52536,0
16875,1
60645,1
48443,1
39388,0
26651,0
9127,0
19383,0
17150,0
32828,1
40805,1
63619,0
42318,1
31947,1
61187,0
53032,1
23683,0
37237,0
54781,1
28249,1
27920,1
50959,1
47230,1
12352,0
1071,1
40699,1
36291,1
26072,1
2272,0
21414,0
8908,0
53681,1
63890,1
59917,1
48184,0
2705,1
34413,0
56274,1
10584,0
40844,0
47103,1
28672,1
32019,1
64873,1
25327,0
11120,1
7168,0
2034,0
49184,0
51145,1
55020,1
53534,1
37836,1
14164,0
2940,1
7119,0
50426,0
61491,1
18606,0
602,0
19771,0
24432,1
32239,1
11572,0
13340,0
37101,1
64136,1
62242,0
62450,0
56529,1
55670,1
10313,1
1582,0
38389,0
64672,1
36524,1
1851,1
7655,0
44930,1
45967,0
63804,1
6892,0
36741,1
12531,0
37646,1
3061,1
13770,0
47392,0
11203,0
58258,1
43146,1
51794,0
22647,1
63825,1
46555,0
55764,0
54104,0
33258,1
57763,1
12365,1
58239,1
5100,0
14507,0
40188,0
35020,0
60190,1
22114,0
32973,1
58428,1
8030,0
64393,1
51803,0
62202,1
2370,1
48080,1
61570,1
49177,1
36605,0
33391,1
30077,0
64153,1
42538,1
13453,1
4055,0
61644,1
53340,0
18533,1
8022,1
13178,0
51458,1
26626,0
35756,0
14636,0
38268,1
18419,0
19345,1
38385,1
1476,1
58647,1
45860,0
56805,1
30021,0
31087,0
3150,1
55977,0
51261,0
42880,1
32220,1
13712,0
16705,0
65328,1
31028,1
22252,1
8302,0
23324,0
60870,0
9247,1
316,1
27285,0
9977,1
11898,0
58788,1
24955,1
58248,0
54894,0
14716,1
61036,0
43578,1
63979,1
40774,0
3052,1
5823,0
17913,1
7962,0
44776,1
43694,1
33534,1
4444,1
65202,0
21930,1
58539,1
43757,1
6206,0
56944,1
65390,0
55387,0
48660,1
20761,0
119,0
6397,0
37663,0
53607,1
10865,1
33806,0
58938,0
48621,1
21865,0
14591,0
56966,1
32011,1
55302,1
18794,0
26959,1
52181,1
27418,1
43982,0
554,0
3318,1
60255,1
8920,0
10961,1
53794,0
6865,0
24671,1
38739,0
58535,1
56679,0
42742,0
8691,1
16244,1
21697,0
34301,1
28897,1
41704,0
11930,1
24653,1
27592,1
4205,0
6206,0
7461,1
20708,1
49783,1
49437,1
39621,1
43694,1
4798,1
57337,0
7813,1
31477,1
51285,1
55680,0
56874,1
480,1
63035,0
1842,1
4453,0
64333,0
1323,1
30734,1
317,0
12635,1
51137,0
42108,0
28429,1
57611,1
23926,0
47719,1
40530,0
841,0
18417,0
41307,1
55957,1
53324,0
20386,1
113,1
13072,0
22014,0
9201,1
59487,1
24931,1
26811,0
56446,1
63794,1
26040,0
18130,0
2610,0
49508,1
32537,0
356,0
61745,1
21617,1
2879,0
38450,1
31853,1
48416,0
46434,1
9496,1
24620,0
50037,0
16593,1
6579,0
9825,1
4049,1
2982,1
45568,0
37339,0
4055,0
33320,1
37085,1
13893,0
47526,0
35396,0
8978,1
1671,1
61036,0
49840,1
4330,0
36260,1
29631,1
32463,1
38788,1
22764,0
11386,0
27969,1
61533,0
31729,1
22194,1
47181,0
25560,0
29565,0
54171,1
5437,1
64664,0
33205,0
49825,0
14764,1
56049,1
55588,0
32993,1
360,0
24351,1
43719,1
19671,0
23889,1
1529,1
10664,0
46723,0
7476,1
24725,1
23473,0
43835,1
6768,0
1453,1
19692,1
15209,1
49137,1
25696,1
63868,1
24204,0
56048,1
26241,1
53224,0
34750,0
56485,0
11978,1
61128,0
18538,1
31962,0
14871,0
44722,1
20791,0
15679,0
28850,0
22237,1
25193,1
53437,0
19751,1
36403,0
12213,0
10692,1
62377,0
338,1
58192,1
54117,0
25165,1
53285,0
16462,1
59541,0
5843,1
50031,0
10795,1
13135,0
9306,0
29551,1
28698,1
42251,1
62385,0
5060,0
16239,1
29416,0
62024,1
4390,1
32156,0
48337,0
24503,0
29851,0
37690,0
20598,0
1899,1
16377,1
44492,0
30460,0
40618,1
64791,1
62496,0
45116,0
30505,0
4211,0
36265,1
59129,0
32804,1
25558,1
18042,1
26826,0
28617,0
42247,0
34040,1
56491,0
50848,0
25700,0
46381,0
6658,1
61810,0
59533,1
23160,1
63109,1
25543,0
5437,1
7519,0
20169,1
38684,1
4641,1
17181,1
32965,1
41770,1
37572,0
58150,1
22018,1
33973,0
11707,0
28124,0
39207,1
14453,1
33518,0
61142,1
13820,1
63793,1
7624,1
63423,1
28760,0
51034,1
59388,0
65347,0
55572,0
19060,1
19449,1
22336,0
20564,0
60702,0
12936,1
33273,1
15541,1
59476,1
53698,0
28806,0
26194,1
49923,0
57772,1
28759,0
25165,1
46248,0
64613,1
44609,1
16179,0
189,1
65028,1
45280,1
49641,0
15948,0
27692,1
40748,1
41535,1
60309,0
19652,1
65096,1
25976,0
40150,1
31146,1
48087,1
41915,0
30401,1
28961,1
57033,0
7577,0
26580,0
22580,1
23791,1
60155,1
55687,0
2360,0
54274,1
48073,0
17288,1
59423,1
1429,0
4492,0
35475,0
54521,1
31614,0
52552,1
25082,1
5855,0
32976,0
17767,1
11817,1
1048,0
17745,1
60123,0
22304,0
1198,1
45016,1
44230,0
15683,0
51057,0
31184,0
19692,1
50259,1
35463,0
45021,0
35318,1
54931,0
9649,1
13114,1
62515,1
19498,0
21349,1
35469,0
26714,0
18921,0
51597,1
46533,0
63650,0
56779,0
21488,0
12463,0
25573,1
15575,1
16262,0
56857,0
35062,0
21299,0
63585,1
2922,1
39503,0
12900,0
37663,1
8783,0
35917,0
64861,0
332,1
34096,0
50471,0
62263,0
21613,1
48082,1
56027,1
44250,0
64114,0
15523,0
7416,0
28610,1
3052,0
64396,0
58390,0
29271,0
45588,0
28433,1
36373,0
71,1
61173,1
46843,0
18949,1
28683,0
35993,0
15387,1
44680,1
16875,0
27005,0
9339,0
36364,1
12467,0
19837,1
18430,1
17246,1
24006,0
49922,0
56254,0
41595,0
63655,1
5328,1
4352,0
39544,0
5709,1
52869,1
27077,1
27297,1
14188,1
18684,1
48899,0
5896,1
31874,0
19592,0
53294,1
40793,1
45365,1
35584,0
54431,1
59323,1
29770,1
53638,0
48621,1
9040,1
49788,0
34926,1
30804,1
45425,0
60597,0
11831,0
22234,1
60740,0
58482,1
61760,1
54098,1
37405,1
20466,0
19226,0
11211,0
56203,0
33447,0
58322,1
14846,0
3179,1
21496,0
8771,1
22454,1
5715,1
30946,1
41893,0
37691,1
49951,1
39934,0
23135,1
36924,1
11188,0
37775,1
11864,0
46765,0
28826,1
56234,1
50402,0
40124,1
65369,1
26315,0
24867,1
4025,1
38380,0
42611,0
42409,1
11998,0
56325,0
56868,0
43995,1
52858,1
25291,0
8013,1
46758,0
32691,0
12896,0
50993,1
52112,0
49082,0
35106,1
31659,0
1445,1
58978,1
8008,1
19396,0
22036,0
42023,1
59930,1
21929,0
27774,0
52020,1
7736,0
61207,1
23470,1
6055,0
20913,1
59749,0
44954,1
49522,1
15874,1
7983,0
3041,0
43423,0
26825,1
19725,0
57270,1
51453,1
26651,1
60618,1
7774,0
43680,0
57873,0
27802,0
36081,0
11480,1
10221,1
14732,0
25120,0
50707,1
30390,1
45991,0
16163,0
4503,1
50506,0
18655,0
27039,1
59838,1
21810,1
52242,0
48017,1
36236,1
14753,1
36982,0
54120,0
6018,1
25229,0
64928,0
29917,1
27700,1
28802,1
47677,0
46431,1
64935,1
55968,1
50392,0
48588,0
58386,1
61820,1
17255,1
8797,0
6778,1
44415,0
41435,1
51527,1
43782,1
52736,0
49536,0
2957,0
8625,1
16626,1
43272,1
10388,1
45883,1
61437,1
57729,0
6402,0
17226,1
45468,0
258,1
51736,0
19278,0
50254,1
9728,1
19477,0
43482,0
47992,0
58128,1
16339,0
57318,0
13612,1
54530,1
28110,0
29091,1
44741,0
42871,1
49040,1
37744,1
49226,1
58102,0
56230,0
49755,0
38210,0
52985,1
14538,0
48110,0
50897,1
44334,0
53696,1
19105,1
25084,0
21938,1
36685,0
17478,1
29265,1
63869,1
782,1
42154,1
43025,1
18158,0
56863,1
9889,1
21366,0
63032,0
48141,1
29789,1
28281,1
54933,1
52905,0
48788,0
30446,0
37114,1
13115,1
37079,0
25791,1
829,1
45990,1
30733,0
38944,0
60389,0
9362,1
64860,0
59432,0
39331,1
11973,0
58477,0
27288,1
57324,0
20486,1
23926,0
6091,0
59500,1
65436,0
52418,1
39630,0
50797,0
38290,0
13444,1
19549,1
31193,0
6276,1
26836,1
52748,0
11362,1
17901,1
12378,1
35997,1
3552,0
11406,1
62601,1
56816,0
43832,1
29375,0
27230,0
55067,1
48701,1
14673,1
62117,0
42197,1
3565,1
55699,0
55843,0
62547,0
14543,0
2754,0
58976,0
64383,1
1174,1
38755,0
62697,0
53951,0
46181,1
17402,1
40609,1
19906,1
62847,1
55639,0
12925,0
27262,0
58024,0
13919,1
36695,0
50239,0
48397,0
15351,1
44588,0
43649,0
47452,0
49193,0
7938,1
28679,0
44199,1
56542,0
44314,0
27595,0
24785,0
19849,1
39497,1
56590,1
5891,0
62805,0
20427,0
2384,0
37358,0
23092,1
21698,1
18357,0
38194,0
3912,1
47873,0
21976,0
3544,0
9141,0
20273,0
30231,1
41558,1
17579,1
46033,0
57891,0
59852,1
52527,0
31319,1
51009,1
27299,0
38307,1
41584,1
8121,0
17478,0
58359,0
29423,0
57855,1
62912,1
19627,1
28847,1
8230,1
53917,0
50447,0
21302,1
37598,0
48002,0
6232,0
36824,1
16430,0
55949,0
56806,0
45426,0
32850,0
59241,0
42807,1
22878,0
35561,0
27166,0
41265,0
41098,0
16016,0
12787,0
43603,0
17054,0
14960,1
50549,1
9997,0
12119,1
26802,1
52502,1
50418,0
64323,0
64000,0
9754,1
41951,0
35988,0
15136,1
8981,0
20275,1
16949,1
55207,1
1295,1
37718,1
8527,1
42187,1
20211,0
18129,0
42319,0
52826,1
56700,1
51370,1
43385,0
51421,1
2309,1
12029,0
52837,1
12002,0
26144,1
3144,1
18946,0
60813,0
46227,1
8868,0
58848,0
48142,1
4335,0
37962,1
14667,0
61641,0
2737,1
62241,1
60408,0
55336,0
39646,1
7380,1
9229,0
8239,1
14382,1
46179,0
11086,1
1463,0
1975,0
45858,0
6461,1
39213,0
41809,0
50935,1
64366,0
12491,1
376,0
48783,1
14929,1
11636,0
6562,0
58434,1
28810,0
10430,1
50512,1
18403,0
12459,0
9461,0
32218,1
17432,0
45795,0
17193,0
1313,1
9936,1
31075,0
18288,1
1489,0
54550,1
57386,1
46775,1
47992,0
20445,1
46608,0
1388,1
55918,1
40271,1
25514,0
12853,0
28652,1
26668,1
42672,1
47564,1
50955,1
32180,0
15885,0
56995,0
53726,0
5349,1
14026,1
38077,1
22004,1
60123,1
18723,1
60919,1
25749,0
31388,1
5251,0
23822,0
53079,1
33078,1
8061,0
17584,1
1818,1
57460,1
33134,1
28848,1
43973,0
11509,0
26462,1
19066,1
38596,1
20118,0
56045,0
7816,0
31681,1
35496,0
39386,1
15560,1
15158,1
58142,0
15312,1
35052,1
16902,1
3924,1
20945,0
5206,0
25867,1
31311,0
32007,1
25243,1
2438,1
58521,0
20237,1
17102,0
24701,0
57571,1
35244,0
32145,1
25057,0
64803,1
45571,0
26333,0
162,1
46789,1
39128,0
35602,1
16761,0
35224,1
59501,1
22753,1
14931,1
811,1
48898,1
21291,1
3313,0
64135,1
21942,0
55256,0
31035,0
21346,1
58486,0
47229,0
18933,1
24800,1
27898,0
35639,0
43245,0
42762,0
42805,0
50681,1
32482,0
51672,0
22678,0
16509,0
36860,0
53698,0
21123,1
20301,1
18661,0
55133,1
33373,0
27599,0
1036,1
46772,1
15854,0
54010,1
2682,0
50856,0
23037,1
37852,0
7434,0
59219,1
17827,1
23197,1
14404,1
46389,0
32393,0
9077,1
59947,0
63753,1
52243,1
4492,0
47394,1
12352,0
46544,0
37630,1
13608,1
12768,0
25453,1
54297,0
57269,0
47117,0
50816,1
59691,0
31985,0
28142,1
57302,0
43216,1
23015,0
63637,1
8397,1
57087,0
9111,0
59085,0
58054,1
62694,1
16940,1
35160,0
9052,0
48625,1
37271,0
57807,0
16768,0
30694,1
16417,1
59068,1
2775,1
39467,1
35737,1
32773,0
4378,0
25278,0
49589,1
44433,0
56500,1
14995,0
22345,0
46295,1
59659,0
6517,0
37545,1
47215,1
719,1
34625,0
65382,0
8450,0
38086,1
27039,0
21936,0
29918,0
3325,0
29278,1
8569,0
47186,0
34991,0
44201,1
26949,1
15697,0
58471,1
44213,0
62297,1
65140,0
22176,1
29694,1
48473,1
14818,0
24669,0
64152,0
48378,0
55851,0
681,1
45144,1
32156,1
64683,1
17516,0
44274,0
16231,0
17710,1
49736,1
23019,0
3263,0
39960,1
12632,0
31794,0
23246,0
60492,0
61948,0
42973,0
46035,0
43421,0
46151,1
27319,0
47111,0
65124,0
52820,0
10827,0
40473,1
64318,1
36640,1
35156,0
63932,0
39990,1
44410,0
22746,1
34345,0
21404,0
16044,0
16508,0
50015,0
49088,0
24709,1
29535,0
17196,0
20286,1
53872,1
33445,0
7369,0
49422,0
20078,0
18705,1
37887,0
1478,0
35052,0
13089,1
20264,1
63956,1
50902,1
22665,0
17435,0
29198,0
29673,1
35675,0
41269,0
55901,0
939,1
3699,1
6559,1
4557,0
7580,1
27604,1
44588,1
36431,1
251,1
41761,1
4597,1
9121,0
32393,1
29740,1
4074,1
52743,0
23388,1
10958,0
43153,1
24352,0
4910,0
53043,0
7493,0
44168,0
60337,1
10988,0
24842,1
15629,0
31077,1
4173,1
11535,1
57240,1
26232,0
41093,1
48513,0
30951,1
34055,1
34577,1
64928,1
42313,0
4008,1
11646,1
31549,1
38415,0
355,1
37082,0
30747,1
39966,0
63704,1
52920,0
22048,1
24879,0
34376,1
24943,0
29200,1
6181,0
53300,0
28954,1
3416,1
54343,0
47105,1
49863,0
46131,1
37245,1
56806,0
24911,0
11043,1
24319,0
4267,0
46562,1
62993,0
15196,1
9706,0
51003,0
49445,1
29026,0
38645,1
25737,1
40881,1
52890,1
30840,0
44096,0
7689,0
28234,1
64940,1
54229,1
37027,1
46689,0
34621,1
52597,1
60992,0
49842,0
17263,0
39648,0
62058,1
58594,1
41294,1
46120,0
16703,0
57657,1
16321,1
32957,0
54135,1
13347,1
49560,1
15941,1
17691,0
20166,0
64275,0
59279,0
14417,0
34034,0
62326,0
23123,0
59821,0
38683,0
3356,0
32227,1
53694,0
48362,1
16118,1
5480,0
16544,0
11128,0
13357,1
16954,0
22423,1
48178,1
2550,0
20802,0
46195,1
42590,0
14464,0
46483,0
19601,0
37497,1
2370,1
52953,0
49375,1
61772,1
50474,0
37202,1
5095,1
44476,1
26683,1
26933,1
47074,1
58220,0
47155,0
1887,1
35407,1
53416,0
29485,0
17851,0
49774,0
1615,0
35694,1
33477,0
4960,0
22744,0
13677,0
55316,0
12291,1
29295,0
13020,1
7715,1
20023,1
19462,0
48758,0
19430,1
61909,1
24976,1
32943,0
49654,0
56466,1
22068,1
23561,1
51685,0
880,0
64795,0
7941,0
14507,1
65269,1
40133,0
62011,0
8367,1
56179,1
2615,1
46617,1
51512,0
41944,1
40346,1
8610,1
43262,1
17893,1
5038,1
888,0
36288,0
9266,0
53559,0
30473,0
60193,0
38236,0
61894,1
51275,0
2356,0
7117,1
20927,0
25993,1
174,0
8614,0
780,1
35164,1
41348,1
4831,1
23472,1
3628,1
47804,0
3883,1
60546,1
65356,0
18776,0
62209,0
17970,1
53240,1
28263,0
49715,0
45985,0
18825,1
4887,0
16977,0
1917,0
53216,0
59851,0
13481,0
3095,0
35557,0
60783,1
63599,0
47171,1
43743,1
61870,0
61674,0
34661,0
22984,0
13177,0
50041,0
15257,0
43214,1
46171,0
21402,1
10177,0
59500,1
24568,0
48931,0
36512,1
60966,0
49350,1
35986,1
9995,0
36638,1
45221,1
32414,1
57559,1
3660,1
50585,1
9770,0
3191,1
37592,1
55787,0
62383,1
57447,1
35489,1
36385,0
6790,0
26749,1
48208,1
16295,0
2930,1
26368,0
36491,1
64271,1
46607,1
2762,1
4467,0
9424,1
33737,0
33918,0
27073,1
12215,1
15820,1
31170,0
33021,0
23118,1
6561,1
15370,0
11979,0
41335,0
55071,0
32313,1
28112,1
52895,0
3233,1
43231,0
27596,0
1618,0
51017,0
51218,0
26867,1
3324,1
10578,0
9979,1
35395,1
33322,1
39954,1
21427,1
13081,0
21604,0
21145,0
8962,0
24436,1
51052,1
6128,1
51422,1
25265,0
36538,1
55625,1
43114,1
5184,0
18672,1
39967,1
62374,1
54762,0
53350,0
60434,0
758,1
2278,1
57881,1
49903,0
22714,0
4701,1
61922,0
26360,1
21923,0
30215,1
1070,0
15471,1
5011,1
19649,1
17417,0
18898,0
42696,0
33306,1
22912,1
19162,0
39164,0
37898,0
57217,1
38627,0
575,0
30385,0
7476,1
20260,1
53783,0
63301,0
47016,0
21026,0
14035,0
9403,1
10199,1
37674,1
12085,1
38823,1
60917,0
23032,0
13878,1
39075,1
29600,1
8273,0
46383,0
11725,0
36253,0
1225,1
25012,0
29343,1
18567,0
19736,1
9447,1
16873,0
13854,0
6901,1
62282,0
12090,0
43272,1
11583,0
50467,0
15689,0
64534,1
61492,0
35098,0
8066,0
65041,1
21933,1
1954,1
16678,0
14570,0
5277,0
40246,0
2569,0
27573,0
57381,1
63365,1
631,0
8866,1
16731,0
11306,1
57946,1
38621,0
12716,0
17672,1
27766,0
43443,0
64945,0
11567,0
41001,1
6850,1
59767,0
2124,1
11490,0
9555,1
42016,1
48050,0
49198,0
36945,0
58975,0
4983,0
24416,0
52154,0
42166,0
44450,1
49631,1
61529,0
1765,0
28738,0
16021,0
22276,1
13424,1
54370,0
17403,0
40347,1
43656,0
62629,1
20111,1
4018,0
65433,1
28635,0
10120,0
12302,1
64374,0
34249,0
46441,1
5060,0
55457,0
36583,1
22767,1
1019,0
42712,1
21763,0
7573,1
10851,0
32086,1
23652,1
43556,1
57035,0
56217,0
14813,0
29962,0
62002,1
51471,0
50013,1
51145,1
15628,1
34690,0
5435,1
7020,0
14212,0
40243,1
49626,1
40376,1
13245,1
36462,0
4688,0
12286,1
60553,0
38536,0
7545,1
63161,1
48482,0
9572,0
3717,1
50039,1
28759,1
27295,0
42416,1
61798,1
34835,1
13949,0
56685,0
32825,0
16309,1
24010,1
27141,1
56549,0
30129,1
49448,0
49269,1
52471,1
41457,1
9272,0
25582,0
7210,0
23918,1
45987,0
55859,0
46730,1
7375,1
28725,0
63194,0
54721,0
10459,0
49752,1
6128,0
40360,0
49350,0
42708,0
26587,0
1476,1
6900,1
31403,1
56662,0
13122,0
24923,0
1914,1
55602,0
8243,0
50031,1
55900,1
38013,1
9844,1
5266,1
10257,1
6562,0
48460,0
27102,1
2220,0
33765,0
17851,0
62788,1
25485,0
14585,0
33442,0
34361,1
42274,1
48166,0
52604,0
51177,1
38550,0
31418,0
24024,0
17318,1
44067,1
25647,1
6598,0
33760,0
10008,1
63467,0
17061,1
41130,0
41481,1
38192,0
41995,1
36866,1
60185,1
38862,1
26419,0
36951,1
9515,0
27311,1
37991,0
59721,1
31983,0
3195,1
26297,0
42332,1
18189,0
46796,0
20781,0
5310,1
21796,1
4571,0
26104,1
42385,1
2439,0
23434,0
40369,0
45694,1
59061,1
53234,0
4523,0
42056,1
47074,1
5520,0
9025,0
54481,0
38025,1
28596,1
14547,0
55239,1
32308,1
21853,1
5637,1
23506,1
59364,1
43492,0
20325,1
52205,0
65412,1
63083,1
19537,0
29459,1
17636,0
57235,0
28946,1
1410,0
59796,1
55626,0
24302,0
36362,0
39991,1
30175,1
34444,1
18147,1
59690,0
63695,1
41161,1
36953,0
12464,0
23835,1
16488,1
63763,0
61081,1
56206,1
59480,0
4317,0
29820,1
44926,1
61782,1
54168,1
18175,0
32383,1
15092,0
57934,1
59387,0
8827,1
4683,0
48500,0
34655,0
55306,1
26000,1
11935,0
6016,0
7856,1
46471,1
36939,1
39322,1
21823,0
46031,0
9678,0
10022,1
61283,1
45961,1
4518,1
1414,1
401,0
62035,1
3382,1
4099,0
22938,0
30449,0
25117,1
21682,1
33237,0
45872,1
26245,1
10679,0
22639,1
59851,1
59007,0
43574,1
21708,0
8506,0
29161,1
20263,0
19634,0
4261,0
18823,0
36042,1
37018,1
15380,1
38967,1
59452,1
8960,0
9019,1
45863,1
35579,0
4378,1
16979,0
34438,0
34076,0
3232,1
14762,0
28395,0
63638,0
37568,1
41236,1
8324,1
59009,0
18170,1
1687,0
35564,0
15636,0
45483,1
1982,1
2194,0
55626,1
21101,1
35055,1
15977,0
23416,0
38064,0
20708,1
5438,0
53767,1
45797,0
7461,0
24110,1
28062,1
8021,0
2008,1
53250,0
34041,0
36180,0
58679,1
30544,0
53404,1
7554,1
14062,0
25142,1
30378,1
21892,1
24126,0
20875,1
5763,0
22198,0
14034,0
42367,0
8681,0
48980,1
12341,0
62400,0
57934,1
53408,0
33266,1
18997,1
47089,0
30101,1
58813,1
44673,1
28866,1
60895,0
41690,0
12915,0
61044,0
24905,0
17362,1
24037,1
6275,0
10916,1
57517,0
30194,0
21997,0
19181,1
14039,1
54337,0
39100,1
19522,0
20418,0
56832,1
40947,0
39104,1
26933,1
26349,0
18144,0
55230,1
49293,1
29450,0
8565,1
48061,1
40863,1
58552,1
63833,0
55813,1
42339,0
43296,0
36602,1
5502,1
58061,0
63794,1
3236,0
6415,0
13312,0
53677,0
4024,0
19062,1
47178,0
21551,0
41774,1
54827,1
44742,1
3712,0
7134,0
27373,0
10293,1
28104,0
64776,1
34804,0
18741,1
55941,1
33588,0
49045,0
1837,0
31974,1
22584,0
39192,1
5857,0
32535,0
37130,1
32916,1
51841,1
58997,0
23833,1
38455,1
18283,0
48412,0
43378,1
36170,0
49188,1
37729,0
53613,0
63275,1
45859,1
21736,0
51343,0
60228,0
15716,1
7653,0
26977,0
42475,1
7220,0
16165,1
30021,1
14815,1
42079,0
9176,0
50992,0
14098,0
19936,1
28185,1
23948,1
15905,1
13358,1
45493,0
46399,1
7555,1
18748,0
28945,1
43132,0
3327,1
44933,0
60865,1
55073,0
37751,0
21944,1
35929,1
57186,0
40135,1
50683,1
31694,0
8053,0
26385,0
32670,1
37329,1
60091,0
21631,0
12680,0
48687,1
29860,0
38675,1
19136,1
60906,1
23500,1
18857,0
38174,1
45141,0
6251,0
15245,1
23764,0
19132,0
63485,0
24150,0
55422,0
25281,0
48116,0
19469,1
4636,0
28585,0
38246,0
32680,1
26327,0
32891,0
25149,1
59526,1
42638,1
3435,1
24332,1
5718,0
7437,0
17936,0
11611,1
39852,1
33214,1
16861,0
59519,1
50825,0
18446,0
26862,1
59697,1
63663,0
6761,0
48776,1
3288,0
56493,0
1067,1
64298,0
18214,0
61003,0
20448,1
13583,1
50588,1
52975,1
37978,0
31053,0
7389,0
6447,1
18237,0
17683,0
19975,1
27497,0
37089,1
34758,0
19318,1
7907,0
51988,1
17691,1
47202,1
714,0
39543,1
39089,0
29917,1
11520,1
56042,1
37139,0
5174,1
22212,1
36025,0
61562,0
326,1
39589,0
46171,0
63202,1
65313,0
47181,1
54146,1
12857,0
65273,1
28533,1
59692,1
65054,0
15525,0
16170,0
29752,0
24217,1
33731,1
50406,0
5246,1
46610,0
23642,1
31985,0
29840,0
49807,0
26457,1
58633,0
6716,0
32103,1
44922,0
53788,1
50691,1
57375,0
41676,0
8223,1
24308,1
37261,1
15411,0
1561,0
12017,1
43099,0
18123,1
34157,0
35781,1
26651,1
36501,0
54640,0
47383,1
2032,1
25076,0
29065,1
14342,1
7113,1
36677,0
23997,0
49801,1
34378,1
23380,0
21391,0
39204,1
22775,0
17221,0
51255,0
31899,1
53708,0
13586,1
52085,1
32879,0
29080,0
50319,0
30515,0
33644,0
37563,1
51003,1
8209,1
18257,1
41120,0
16129,0
37690,0
7680,1
36903,1
43982,1
42833,0
14306,1
54065,0
41901,1
64799,1
16753,0
17148,1
25989,0
50734,0
16537,0
56134,0
43885,0
31346,1
24279,0
39520,1
38259,1
21320,0
1514,1
63439,1
29732,0
55400,1
47777,1
37230,0
11225,1
56329,1
44135,1
54896,0
2522,0
25095,0
38183,0
56117,1
62181,1
30515,1
26536,1
40108,0
2788,1
51585,1
60819,1
50946,0
44372,1
59230,1
44356,0
52026,1
14294,1
28448,1
34910,1
11193,0
19294,0
51881,0
8438,0
49656,0
39099,1
64955,0
51642,0
50125,1
24599,1
59123,0
47145,0
48512,1
56684,0
16678,1
62254,0
30519,1
20412,1
6498,0
44478,1
7465,1
48396,1
989,1
8974,0
33575,1
21146,1
60530,0
60912,0
58478,0
15811,0
39859,0
28031,1
56179,0
1816,1
34057,0
48061,0
26901,1
65069,0
33654,0
40141,0
46688,0
48216,0
7644,0
7728,0
12656,1
35594,0
53318,1
11999,1
12108,1
50089,1
28326,0
5145,0
30485,0
531,0
34707,1
13798,1
65091,0
24299,0
42284,0
40010,1
29693,0
4004,1
25989,0
53152,1
42805,1
57469,0
35126,0
32875,1
29649,1
44888,0
62720,0
15228,1
39875,0
50441,0
27954,1
16994,1
28519,0
7195,0
5206,1
59259,1
37362,0
48305,1
22943,1
34020,0
46808,0
37011,1
55794,0
39894,0
54050,0
45447,0
33499,1
65461,1
26863,1
20155,0
32773,0
51696,1
21761,1
19349,0
16308,0
1821,1
40474,1
43572,0
47903,1
2208,0
4452,0
23496,0
49889,0
32296,0
26213,0
29952,0
32134,0
47372,0
29588,1
25699,0
47766,0
45000,1
44598,0
31717,0
61457,0
6491,0
45588,1
41265,0
22007,0
59421,1
56187,1
34872,1
13078,1
44261,1
42339,1
24967,1
26518,1
44362,0
64598,0
60664,0
51657,0
24201,1
55581,1
29225,1
23373,1
43529,0
40712,1
3484,0
18659,0
65380,0
10109,0
17329,1
3408,1
1890,0
29498,1
33392,0
35320,1
53855,0
12981,1
32375,0
1543,1
7033,0
43384,1
41605,0
24551,1
39902,1
47522,0
40750,0
23040,1
30018,0
43948,0
1080,0
30390,0
30913,0
59416,1
59462,1
65419,1
15349,0
8642,1
35162,0
22532,0
35932,1
61432,0
28470,1
14104,0
40352,1
57982,0
30137,1
40827,0
22068,1
58457,0
863,1
34465,0
55625,0
49613,1
13071,1
43633,0
26033,1
13769,0
44419,1
33526,0
12550,0
49006,1
60351,1
1157,0
29498,1
17210,0
44918,0
29031,0
48831,1
61827,0
46852,0
22892,1
10094,0
18212,1
35680,0
4299,1
23755,1
47608,0
16029,0
25524,1
51402,0
15492,0
29555,1
40173,0
11188,1
33128,1
57365,0
58782,1
18909,1
7208,1
27437,1
51877,1
38038,1
18934,0
23280,1
15559,1
54358,0
55231,0
26442,1
56493,1
1030,1
36373,0
40262,0
20393,1
20725,0
48014,1
58616,0
9650,0
21478,0
8234,0
29360,0
55263,1
34684,1
49236,0
42943,1
8797,1
30294,0
62634,1
63006,0
601,0
64038,0
19968,0
54605,0
33434,1
18160,0
2681,1
62898,1
16887,0
26154,0
11356,0
18921,0
51636,1
37459,0
59925,1
20629,1
56241,0
47728,1
54481,0
33229,0
42775,0
42518,0
30654,1
1586,1
40690,1
11983,1
41453,1
10899,0
13983,0
2414,1
52716,1
39337,1
55754,1
58058,0
41279,0
36281,0
51457,0
42747,0
18940,0
59181,0
58987,0
58864,1
46810,0
32025,0
47058,0
25834,0
4181,1
6629,0
63744,0
51396,0
14425,0
1368,0
47536,0
21344,0
25825,0
47494,1
26824,1
49324,0
30195,1
48537,0
16809,1
20191,0
13943,1
19214,0
37640,1
56392,0
25150,0
57230,1
3005,1
5202,1
39056,1
949,1
37986,0
53656,0
18631,0
4628,0
22256,0
10960,0
52090,0
8253,1
14278,1
4778,1
43920,1
46809,0
11540,0
18728,1
56333,0
23586,1
51799,1
51626,0
30773,1
20023,0
61313,0
37004,1
21156,0
27573,0
38646,1
37120,0
36830,1
6899,1
32096,0
58819,0
52385,1
64337,0
43996,0
18811,0
24051,1
1284,0
33112,1
64352,0
25426,0
51015,1
25848,0
57978,0
35399,1
49422,0
24659,0
65521,1
44148,0
36233,1
44110,1
2958,0
41662,0
41073,0
37228,0
53195,1
28369,1
56058,0
43678,1
30897,1
57387,1
10389,0
28591,0
36849,1
56112,1
19167,1
47878,0
56362,1
63594,0
60607,1
22936,0
18612,0
34040,1
28889,1
3236,0
3059,0
40563,1
19475,0
31334,1
8135,0
50122,1
5513,1
2983,0
1205,1
41953,1
21881,1
21954,0
53989,0
18319,1
59419,0
12461,1
20679,0
38051,1
46612,1
47637,1
5312,0
44891,0
26304,1
63061,1
59457,0
27986,1
19857,0
54256,0
5557,0
27719,0
10087,0
58140,0
21417,0
12586,1
64349,1
14450,0
31818,1
8547,0
55194,1
12913,1
16447,0
46103,1
36366,1
8827,1
57248,0
55323,0
17756,0
58568,0
41964,0
24299,1
19453,0
37404,0
51351,1
59792,0
17472,0
43715,0
53268,1
60875,1
18530,1
56161,1
48438,1
7586,1
21885,0
62029,0
55773,1
22747,1
18298,0
8796,1
29722,0
63741,0
1393,0
45196,1
14144,1
34042,1
37668,1
14478,0
45180,0
22382,0
20982,0
35550,1
24011,1
45760,0
33272,0
53819,0
24205,0
20769,1
38758,1
57616,1
32062,0
45597,1
35276,1
23154,0
37881,1
1214,1
59386,1
60361,1
25898,0
52418,0
56407,1
7576,1
58051,1
8141,1
27074,1
4918,1
13589,0
20368,0
30155,0
30255,1
37001,0
55587,0
9268,0
48469,0
36551,1
20637,0
1895,1
38284,0
48519,1
15487,1
40766,0
1610,1
62899,1
34011,1
45449,0
4094,0
49219,0
60447,0
46963,0
41813,1
18147,1
49051,0
13685,1
63632,0
49777,1
3974,0
52048,1
13746,0
43662,1
47827,1
17191,0
27530,0
23959,0
48042,1
62871,0
10770,1
50842,1
3828,1
56162,0
26206,0
52872,1
47427,1
5855,1
16110,0
6479,0
6616,1
58933,1
21246,0
49475,0
44157,1
21154,0
61987,1
21193,1
59320,1
58908,0
42560,0
61639,1
36835,1
53263,1
33390,1
42198,0
14026,1
51842,0
59494,0
16723,1
3598,0
21613,0
30189,0
51337,0
46303,1
6284,1
46781,0
50954,1
47510,0
677,1
35441,0
29218,1
31416,1
15025,1
52393,0
18612,0
64603,1
4428,1
36450,1
9159,1
37453,1
9215,1
27690,1
35418,1
23912,0
21479,1
31764,1
6326,1
43634,0
10184,1
41654,1
54171,0
28946,1
41308,1
52984,0
29373,0
6000,1
9849,1
48246,0
1801,1
1865,0
40050,1
29725,1
62816,0
8852,0
28061,1
33077,0
3475,0
56334,1
11324,1
40283,1
28454,1
11402,0
58393,1
36587,0
41172,1
39943,1
62559,0
64644,0
51838,0
15636,1
42008,1
14841,1
35565,0
58871,0
9967,0
49696,0
22052,0
26107,0
25805,0
44914,1
19823,1
55197,0
35067,0
27691,1
14243,1
13481,1
19405,0
56569,0
16895,1
33629,1
46890,0
2461,0
50933,1
65317,0
21012,1
32198,1
54970,1
30350,0
52233,1
17538,1
11114,0
42883,1
19749,1
56516,0
37692,0
56781,0
8072,1
46599,1
4517,0
51465,0
17589,1
38940,1
3218,0
62861,1
29131,0
10929,0
39868,0
52719,1
3290,0
22989,0
13104,1
972,1
22210,0
1192,1
13668,1
16148,1
18470,1
20292,1
8850,1
46125,0
41183,1
33822,1
52321,0
18449,1
54209,0
37282,1
14511,1
48089,0
37157,1
56055,1
21950,1
42879,0
15987,0
64749,1
17351,0
38572,1
28658,0
64184,0
56288,1
49293,0
43677,0
29028,1
6214,1
6058,1
62858,0
51684,0
60679,1
29437,0
53300,0
882,1
12254,1
59545,1
48245,0
25742,0
34958,1
48591,0
12039,0
53263,0
15779,1
49945,0
35083,0
37859,1
32490,1
32528,0
40822,1
8388,1
54031,0
19530,0
10599,0
64142,1
5780,0
43897,1
35683,1
61473,1
54117,0
45108,0
5239,1
54653,0
45158,0
58298,0
25202,1
62438,1
7806,1
62795,1
37247,0
34003,0
1605,1
33716,0
45225,1
13309,1
22282,0
64901,0
38311,0
65456,1
1984,0
55454,0
26489,0
33411,1
47552,0
19565,0
57796,0
21524,1
39161,1
1247,1
48621,1
22852,0
62571,1
41330,0
8928,1
36931,1
12596,1
12839,1
48430,1
49350,1
55049,1
64293,0
55942,1
59931,1
43061,1
59035,0
65185,1
15981,1
25431,1
18808,1
32157,0
62941,0
30792,0
51476,0
32261,1
30037,1
59536,0
62229,1
14462,1
1750,0
49442,0
20904,1
11438,0
35235,1
47549,0
5655,0
38547,0
8407,1
48328,1
25914,0
61652,1
4327,1
44383,0
23912,0
24513,0
35739,1
7098,0
63931,1
62491,0
31988,0
57602,1
6184,1
18697,0
59931,1
57842,1
42944,1
11606,0
2633,1
7101,1
61652,0
7613,1
44437,0
23016,1
56059,1
5535,1
38461,1
2427,0
25327,0
29575,1
7627,0
45257,1
58956,1
55277,0
17633,0
59939,1
4214,1
38271,1
35002,0
51871,0
50508,1
56530,1
42280,0
16900,0
18583,0
41705,0
54156,0
45376,0
62488,1
46639,0
60405,0
59168,0
259,0
36236,0
44420,1
24468,0
22332,0
45003,1
11357,0
40541,1
21708,1
62537,1
62046,0
46644,1
5804,0
54459,1
63975,0
46176,1
1359,0
4717,1
41065,0
527,0
7559,0
54081,0
30493,0
5087,0
22687,1
19767,0
11175,1
60716,1
46152,1
63960,0
56628,1
51703,1
33077,1
11714,1
58944,0
20533,0
61017,1
24222,1
29671,1
30057,0
47318,0
3133,0
63606,1
39226,1
23742,0
26236,0
59760,1
32659,0
58388,0
59834,0
52395,0
28620,1
9673,1
6521,0
50969,0
52900,0
18101,1
22238,0
6136,1
1640,0
47585,1
24800,1
20824,0
38095,1
30945,0
24038,1
64353,1
5887,1
54628,1
6316,0
12516,1
32782,1
26974,1
35513,0
65095,1
55341,0
23913,1
14146,0
8030,0
50969,0
38751,1
14836,0
8939,1
41285,0
23695,1
2832,0
33851,1
1276,1
14551,0
290,1
1393,1
53833,1
50388,1
8351,1
39277,0
40653,1
43689,0
29313,1
55984,0
8519,1
43251,0
17286,1
60776,0
63196,0
45503,0
26317,0
28486,0
34668,1
6030,0
20898,1
27814,1
20903,0
59432,1
54022,1
28644,0
13658,0
27808,0
20858,0
41230,1
31624,1
60264,1
26370,1
37714,1
8785,0
45942,1
45707,0
58529,0
16483,1
24567,1
33173,0
55429,1
24515,0
34707,1
29787,1
10097,0
52655,1
26413,1
54194,0
40765,1
5198,0
39533,1
54061,0
39362,0
10002,0
18462,1
51973,0
29888,0
43205,1
40391,0
6951,1
14190,1
3543,1
41552,1
27745,0
42262,0
59020,0
56426,0
11828,0
17962,1
16463,1
3033,0
40856,0
24364,1
10917,0
56434,1
41818,0
43000,1
16635,1
17037,0
31069,0
13025,0
37013,1
27631,1
37917,1
5230,0
18324,1
40409,1
49572,0
25800,0
20342,1
986,0
34249,0
44306,1
12775,0
26001,1
56339,1
18543,0
40227,0
63993,1
58922,1
63957,0
5601,1
33492,1
33989,1
16364,0
15931,0
64964,0
44893,1
56561,0
39075,1
25478,1
8942,0
14131,0
5228,0
41361,1
11702,1
36172,0
62030,1
53133,1
22980,1
53571,1
17626,1
12988,1
2281,0
41839,1
15048,1
33447,0
42051,0
32728,0
41005,1
27566,1
14976,0
57301,0
30241,1
41003,1
38232,0
34238,1
45879,0
30349,1
30728,0
15646,0
48927,1
63388,0
13686,0
60618,0
21681,0
61696,1
3376,0
35440,0
20835,0
11334,1
41974,1
28134,1
49510,1
31102,1
54477,0
247,0
31597,1
16675,0
27950,1
63650,0
36090,0
62610,1
41299,1
65182,0
13731,1
8623,0
53795,1
62279,1
37835,0
19134,1
44295,0
52320,1
38943,1
24585,1
20542,0
4202,0
29068,0
63141,1
53751,1
48974,1
13071,1
29003,1
41094,0
30520,1
52489,1
10180,0
5349,0
23981,0
7523,0
57248,1
53106,1
3156,0
59351,1
14200,0
53252,0
58390,1
12250,1
10363,0
34737,1
20457,0
35834,1
43871,0
36863,0
25209,1
17630,0
50251,0
9483,1
27848,1
15525,0
25033,1
20745,1
39181,0
17200,1
46629,0
16669,1
55194,1
51975,0
47265,1
26516,0
26037,0
35155,0
7421,0
62100,0
46548,1
57925,1
13863,0
56470,1
39545,1
3326,0
45761,0
775,0
34883,0
57710,1
25796,1
57265,1
50811,0
54194,0
63810,0
30088,0
25355,1
55649,0
60554,1
41943,1
35632,1
44380,1
57527,0
20760,0
43786,1
9487,1
16505,1
17422,0
17673,1
11566,0
5927,0
7377,1
41653,1
30492,0
24960,0
40307,1
18208,0
55628,1
36529,1
65119,1
52600,1
55894,0
47263,0
41961,0
7965,1
37098,0
28502,1
50968,1
45242,0
29073,0
44857,1
27755,0
64864,0
40959,0
62014,1
56088,0
6156,0
10865,0
13556,0
42643,0
15391,1
55848,1
413,0
40168,0
2789,1
51942,0
8538,1
36221,0
48891,0
45151,0
53583,1
59449,1
32872,0
46263,0
20835,1
40080,0
58870,0
27501,0
42577,0
6510,0
63093,1
61421,0
17504,1
60984,1
58701,0
820,1
7355,0
16148,1
9628,0
58112,1
17565,1
49550,1
11657,1
26270,1
42252,1
38099,0
10836,0
35620,1
44287,1
11792,0
1681,1
32298,1
10400,1
65359,1
48085,1
46170,0
29825,1
17088,1
44457,0
13663,1
34499,1
35268,0
7514,0
32986,1
60066,1
59129,0
11306,1
40233,1
50794,0
47180,1
44987,0
5290,0
28509,1
37277,0
25944,0
27715,1
60983,0
12113,1
41013,0
12469,0
59280,1
28543,0
39505,1
11089,0
8762,1
4111,1
47793,1
65260,1
9683,0
45119,1
35593,1
52687,1
48929,0
12569,0
4030,0
4710,1
35245,0
7929,1
45147,0
6888,0
51052,0
45719,0
15533,1
6365,1
56487,0
46552,0
25065,1
3850,0
7581,0
18118,1
44191,0
51508,1
49135,1
8041,1
56298,1
40407,1
26054,0
38955,0
58631,1
36498,0
55041,0
57914,1
23993,1
65090,1
15135,1
1687,1
22980,0
5971,0
58624,1
40798,0
6860,0
25215,1
48583,0
53028,0
63575,1
58259,0
36497,1
29688,0
51865,1
16948,0
47410,1
40678,1
59030,1
22114,0
18152,0
19737,1
23530,0
56027,1
49034,1
8182,0
38178,0
42208,1
50888,0
17614,1
32074,1
4376,1
27060,1
29837,1
44303,1
37083,0
11841,1
35883,1
51181,0
36000,0
16315,0
27983,1
23715,0
12245,1
42457,1
17404,0
23770,0
45318,0
36559,1
23484,1
55120,0
37845,1
39952,1
31741,0
51844,0
45219,1
13850,0
39720,0
45970,0
49336,1
50826,0
54937,0
34054,1
41303,0
6475,1
45093,1
27942,0
32365,1
55609,0
28191,0
27593,1
30907,1
42169,0
63213,1
31972,1
20067,1
6372,0
42027,1
45911,0
7445,0
55093,0
42747,1
46810,0
27301,0
64902,1
40848,1
42265,0
42799,0
57252,1
16732,1
64378,0
16910,1
20558,1
893,1
37582,1
51561,1
10657,1
58564,1
41311,1
58079,1
30951,1
42213,0
33209,1
1374,1
2061,0
20289,1
44315,0
453,1
17377,0
63815,1
4107,1
44605,0
54481,1
28382,1
3404,1
46579,1
14175,1
46995,1
50901,0
14652,1
22492,0
54892,0
46841,1
40018,0
51634,0
63340,0
39132,0
28365,1
28490,1
5585,0
47085,0
17609,0
6984,0
13562,1
4686,0
50646,1
17256,1
37231,1
54791,0
33126,1
46342,0
36456,0
22753,0
27428,1
23896,0
21663,1
41278,0
65514,1
10663,0
18625,0
5422,1
38101,0
32698,1
44617,0
46814,1
55647,1
16966,1
8635,0
35145,1
28204,0
12670,1
3956,0
57313,0
7930,1
59688,0
52661,1
47856,0
45279,0
23675,0
55906,1
63690,0
33141,0
7643,1
53873,0
15667,0
36468,0
39355,0
58839,0
3541,0
33174,1
53208,0
1115,0
42004,0
27313,1
22034,0
18516,1
50839,1
22437,1
30851,1
51572,0
17086,1
5322,0
35585,0
49381,0
61861,1
56101,0
24309,1
32738,1
41709,0
4319,1
9335,0
5833,0
63479,1
24478,0
35968,0
18115,1
19034,1
9937,0
50086,0
51229,1
64447,0
41612,0
53825,1
41999,0
52854,0
52583,0
20139,0
16288,1
55782,0
31067,1
43325,1
64580,0
51282,1
54720,1
43506,1
25933,1
20177,1
23357,0
13287,0
62051,1
57646,0
29725,0
11895,1
43179,1
20260,1
5370,1
50978,0
13457,0
17070,1
18479,0
29207,1
35239,0
44289,1
62157,0
33810,1
42637,0
57968,0
51213,1
48416,0
49863,0
8795,1
24353,1
28645,0
37554,0
60046,0
17166,0
39064,0
1637,0
12389,1
48928,1
35933,0
60710,1
35077,1
26758,0
50568,1
4839,1
62100,0
20898,0
58430,0
16830,1
18053,0
60853,0
60031,0
12641,0
45412,1
32367,0
14554,1
60997,0
26064,1
43689,0
11075,1
38192,1
54549,1
44078,1
55486,0
39424,1
60982,0
51127,0
61456,1
54748,0
50808,1
59682,1
41150,1
39921,0
64213,0
55753,0
56591,1
60481,0
1272,1
46143,0
25010,1
31338,1
58627,0
59639,0
130,1
11640,1
3735,1
22298,1
28685,1
5594,0
19584,0
63007,0
28495,1
50370,0
30086,0
34624,0
35239,1
63075,0
21534,0
47788,0
11903,1
27724,0
62034,0
62536,0
24412,1
14554,1
52285,0
18027,0
3516,1
20372,0
19845,0
65278,0
20305,1
22907,1
26207,1
51487,1
33088,1
34398,1
46092,1
54845,0
63069,1
13456,0
41764,1
46188,1
65204,1
9945,0
1538,1
22637,0
45156,0
42859,0
59465,0
15136,1
14841,1
60129,1
14098,1
19536,0
5810,0
63666,0
11978,1
20385,1
5837,0
16760,1
47542,1
33308,0
37212,0
6744,0
7592,0
12433,1
55422,0
57588,0
60529,0
20418,0
50422,0
47779,0
37564,1
9473,0
49804,0
11301,1
25339,1
31231,1
13219,0
33813,1
54660,0
13689,0
32179,1
37603,1
12245,0
37140,1
62279,1
37849,0
14057,0
2267,0
54152,0
43013,0
9931,0
39780,0
30784,0
46291,0
25023,1
54601,0
63622,1
51788,0
10315,1
37132,1
46333,0
38056,1
18217,1
64906,0
7144,0
39737,0
52706,0
26073,0
43337,1
42016,0
17148,0
11929,0
29664,0
16138,1
31845,0
27947,0
28219,1
59776,0
55295,0
38948,1
13708,0
35230,0
3386,0
36848,0
40235,1
12214,0
49390,0
30578,0
26094,0
16376,0
55007,0
56606,0
12774,1
10309,0
61607,1
1390,1
20000,0
17200,0
12385,1
64084,0
13247,0
61656,1
13261,0
47503,1
38949,1
5861,0
37226,0
8029,1
31138,1
52171,0
16055,1
35159,1
14554,1
17526,1
41783,0
48319,1
20465,0
60074,0
31621,0
505,1
31599,1
25476,0
28089,0
62690,0
28162,0
49913,1
6580,1
58780,0
12077,0
1456,0
13088,1
4614,0
19996,1
33843,1
39553,1
49143,1
55824,1
25372,0
9575,0
4024,1
7868,1
64324,1
23023,1
19046,0
64455,0
23,1
17095,1
38312,1
53718,1
1780,0
29361,0
18279,0
49880,0
8853,0
10231,0
33005,1
42093,0
58909,1
12244,1
40380,0
60749,1
44809,0
45586,1
5060,0
16961,1
53182,1
39531,1
38221,1
31813,0
64129,0
14099,0
7087,1
57337,1
12627,1
20988,1
17837,0
25117,0
26746,0
49394,0
24349,1
61806,1
6082,1
37585,0
11325,1
11491,0
11768,1
32750,0
33289,1
52882,1
44333,1
26131,0
60237,1
61668,1
41368,1
221,1
31499,0
59335,0
2266,1
57013,1
29767,0
6928,1
31886,1
41103,0
4403,0
65480,1
29349,1
13433,1
57152,1
3178,1
31249,0
47133,0
20155,0
38676,1
25331,1
6578,0
33986,1
60440,1
4796,0
29721,0
39012,0
45156,0
61139,0
46595,1
12257,0
48530,1
816,0
20320,1
6120,0
2354,1
56716,0
44345,1
29654,0
14082,0
12347,0
31938,1
49912,1
36694,0
8411,0
62550,1
56208,1
3827,0
15273,1
55765,0
26697,0
53037,0
32599,0
50331,0
34276,0
22147,1
49326,0
2867,0
1404,1
59756,1
58696,0
57582,0
46517,1
50912,0
27196,1
644,1
13920,1
4714,1
18700,1
4057,0
13682,0
23843,1
39129,1
30781,1
23658,1
62095,0
50482,0
19493,1
33004,1
10843,0
6737,0
11923,1
15829,0
55291,0
4391,1
54111,1
25005,0
42467,1
60961,1
10216,1
16352,1
52390,0
7886,0
17986,1
55614,0
49898,1
46254,1
3899,1
34513,1
45902,1
57831,0
1018,1
9042,0
14438,0
28033,0
36506,1
17480,0
10206,0
53741,1
9036,0
23938,0
38900,1
23309,1
4267,0
14119,0
22160,0
51326,0
22261,0
57177,1
47581,1
37574,1
33005,1
879,1
47821,0
10081,1
2818,0
22990,0
52037,0
19414,0
21774,0
5121,0
15704,1
15230,0
38082,1
58854,0
46345,1
59911,0
20893,1
60257,1
52532,1
30183,1
7934,1
21380,0
5306,0
20477,1
15907,0
25489,0
5995,0
24433,1
1152,1
1667,1
43429,1
58852,0
15839,0
34192,0
41701,0
8748,0
54540,1
12704,0
22089,0
21084,1
8990,1
17532,1
11435,0
40057,1
22229,1
60583,0
433,0
584,1
10894,0
5531,0
45783,0
12911,1
30076,1
10165,0
10210,1
26660,1
64932,1
30902,1
20862,0
6566,0
58278,1
8308,0
5909,0
49960,1
7921,0
60652,1
33546,0
60779,0
46738,1
61784,1
25442,0
23910,0
38810,1
16427,1
23699,0
14025,0
49330,1
63153,0
34451,0
44812,1
21728,0
41076,1
19324,1
57272,1
24493,0
35538,0
27179,1
61101,1
37840,0
23312,0
63051,0
99,1
63872,1
42725,0
13085,1
19737,0
33196,0
58414,1
10088,0
48772,0
3654,0
52930,0
14671,0
61226,0
4498,1
55283,0
45333,0
35782,0
17414,0
61288,0
4763,0
43007,0
30432,0
58422,1
41606,0
6359,0
19944,0
56298,1
3128,1
20479,0
47519,1
43628,1
37428,1
41713,0
11793,0
61149,0
37352,1
55993,0
23113,1
37271,1
37988,0
64032,0
5034,0
37013,1
9519,1
22233,0
2849,1
5680,1
14285,0
40329,1
57432,1
2643,1
8094,0
58862,0
23043,1
55862,0
51061,1
44688,1
51185,0
18537,0
53063,1
30743,0
29725,1
49976,1
3082,0
55016,1
35222,0
6349,1
42010,0
41288,0
26400,0
39948,1
16266,1
11744,0
31496,0
21156,1
964,0
53802,0
19609,0
11947,1
61275,1
23524,0
40968,0
51506,1
42930,1
23928,0
47,0
3014,0
39690,0
60115,0
48506,1
42208,0
28280,0
7101,0
43860,1
53382,0
23306,0
41705,1
65008,1
10845,0
42252,0
25032,1
51854,1
51516,1
52336,0
28314,1
21846,0
42869,1
7360,0
23574,1
27108,1
27209,1
60106,0
1370,0
25210,0
25198,1
32480,1
42547,1
851,0
50587,1
30985,1
64811,0
42200,1
11181,0
26517,1
24607,0
11652,1
51290,0
25755,1
45583,0
22035,1
64666,1
64892,1
18294,1
5144,0
43110,1
3386,0
5598,0
16077,0
37040,1
53425,1
29450,1
64683,0
63575,0
584,1
49824,0
1281,0
13367,1
57758,0
1764,0
55935,0
36792,0
5532,0
11026,0
25540,0
19573,1
43436,0
61342,0
34029,0
19621,1
26826,0
22275,1
412,1
34190,1
47027,1
26640,0
14845,1
16863,0
52941,0
27375,0
37170,1
26689,0
47028,0
47742,1
65182,0
32355,1
37720,1
45665,1
7390,0
43005,0
64000,1
11275,0
20300,1
40280,1
24231,1
41477,0
12856,0
45818,0
47350,1
53872,1
63888,1
47971,0
42244,1
22877,1
6549,0
35079,1
35317,1
41169,0
24213,0
38022,1
33450,1
39476,1
48765,0
53758,0
47773,0
28309,0
25753,0
47456,0
62628,1
27104,0
11731,1
61359,1
4955,0
50953,0
39936,1
11580,0
37411,1
2666,0
31504,0
50498,0
26328,0
24284,0
21052,1
1027,0
37596,0
43662,1
35423,0
